[{"model": "admin.logentry", "pk": 1, "fields": {"action_time": "2024-03-06T08:50:44.625Z", "user": 1, "content_type": 16, "object_id": "None", "object_repr": "test", "action_flag": 1, "change_message": "[{\"added\": {}}]"}}, {"model": "admin.logentry", "pk": 2, "fields": {"action_time": "2024-03-07T07:40:20.272Z", "user": 1, "content_type": 16, "object_id": "None", "object_repr": "test", "action_flag": 1, "change_message": "[{\"added\": {}}]"}}, {"model": "admin.logentry", "pk": 3, "fields": {"action_time": "2024-03-07T07:41:59.229Z", "user": 1, "content_type": 7, "object_id": "5", "object_repr": "123 alex", "action_flag": 2, "change_message": "[{\"changed\": {\"fields\": [\"ID \\u0432 Telegram\"]}}]"}}, {"model": "admin.logentry", "pk": 4, "fields": {"action_time": "2024-03-07T07:49:32.569Z", "user": 1, "content_type": 9, "object_id": "1", "object_repr": "123 сотрудник 1", "action_flag": 1, "change_message": "[{\"added\": {}}]"}}, {"model": "admin.logentry", "pk": 5, "fields": {"action_time": "2024-03-14T09:14:47.393Z", "user": 1, "content_type": 13, "object_id": "38", "object_repr": "123 alex: 2024-03-07 07:46:17.672140+00:00", "action_flag": 3, "change_message": ""}}, {"model": "admin.logentry", "pk": 6, "fields": {"action_time": "2024-03-14T09:14:47.396Z", "user": 1, "content_type": 13, "object_id": "37", "object_repr": "123 alex: 2024-02-24 11:35:40.555000+00:00", "action_flag": 3, "change_message": ""}}, {"model": "admin.logentry", "pk": 7, "fields": {"action_time": "2024-03-14T09:14:47.398Z", "user": 1, "content_type": 13, "object_id": "36", "object_repr": "123 alex: 2024-02-24 11:35:01.676000+00:00", "action_flag": 3, "change_message": ""}}, {"model": "admin.logentry", "pk": 8, "fields": {"action_time": "2024-03-14T09:14:47.399Z", "user": 1, "content_type": 13, "object_id": "35", "object_repr": "123 alex: 2024-02-24 11:15:40.835000+00:00", "action_flag": 3, "change_message": ""}}, {"model": "admin.logentry", "pk": 9, "fields": {"action_time": "2024-03-14T09:16:26.353Z", "user": 1, "content_type": 13, "object_id": "26", "object_repr": "193565114 ИП Андреева Карина: 2024-02-16 08:29:51.920000+00:00", "action_flag": 2, "change_message": "[{\"changed\": {\"fields\": [\"\\u0421\\u0442\\u0430\\u0442\\u0443\\u0441\"]}}]"}}, {"model": "admin.logentry", "pk": 10, "fields": {"action_time": "2024-03-14T09:16:33.298Z", "user": 1, "content_type": 13, "object_id": "27", "object_repr": "193565114 ИП Андреева Карина: 2024-02-16 08:30:06.781000+00:00", "action_flag": 2, "change_message": "[{\"changed\": {\"fields\": [\"\\u0421\\u0442\\u0430\\u0442\\u0443\\u0441\"]}}]"}}, {"model": "admin.logentry", "pk": 11, "fields": {"action_time": "2024-03-14T09:16:39.988Z", "user": 1, "content_type": 13, "object_id": "28", "object_repr": "193565114 ИП Андреева Карина: 2024-02-16 08:33:59.920000+00:00", "action_flag": 2, "change_message": "[{\"changed\": {\"fields\": [\"\\u0421\\u0442\\u0430\\u0442\\u0443\\u0441\"]}}]"}}, {"model": "admin.logentry", "pk": 12, "fields": {"action_time": "2024-03-14T09:16:44.183Z", "user": 1, "content_type": 13, "object_id": "29", "object_repr": "193565114 ИП Андреева Карина: 2024-02-16 09:41:14.372000+00:00", "action_flag": 2, "change_message": "[{\"changed\": {\"fields\": [\"\\u0421\\u0442\\u0430\\u0442\\u0443\\u0441\"]}}]"}}, {"model": "admin.logentry", "pk": 13, "fields": {"action_time": "2024-03-14T09:16:58.266Z", "user": 1, "content_type": 13, "object_id": "30", "object_repr": "193565114 ИП Андреева Карина: 2024-02-17 11:49:45.746000+00:00", "action_flag": 2, "change_message": "[{\"changed\": {\"fields\": [\"\\u0421\\u0442\\u0430\\u0442\\u0443\\u0441\"]}}]"}}, {"model": "admin.logentry", "pk": 14, "fields": {"action_time": "2024-03-14T10:32:16.620Z", "user": 1, "content_type": 7, "object_id": "5", "object_repr": "123 alex", "action_flag": 2, "change_message": "[{\"changed\": {\"fields\": [\"\\u0420\\u0430\\u0437\\u0440\\u0435\\u0448\\u0438\\u0442\\u044c \\u0441\\u0430\\u043c\\u043e\\u0432\\u044b\\u0432\\u043e\\u0437\"]}}]"}}, {"model": "admin.logentry", "pk": 15, "fields": {"action_time": "2024-03-14T17:37:56.381Z", "user": 1, "content_type": 7, "object_id": "5", "object_repr": "123 alex", "action_flag": 2, "change_message": "[{\"changed\": {\"fields\": [\"\\u0420\\u0430\\u0437\\u0440\\u0435\\u0448\\u0438\\u0442\\u044c \\u0441\\u0430\\u043c\\u043e\\u0432\\u044b\\u0432\\u043e\\u0437\"]}}]"}}, {"model": "admin.logentry", "pk": 16, "fields": {"action_time": "2024-03-14T17:38:03.554Z", "user": 1, "content_type": 13, "object_id": "40", "object_repr": "123 alex: 2024-03-14 10:30:11.021954+00:00", "action_flag": 3, "change_message": ""}}, {"model": "admin.logentry", "pk": 17, "fields": {"action_time": "2024-03-14T17:38:03.561Z", "user": 1, "content_type": 13, "object_id": "39", "object_repr": "123 alex: 2024-03-14 09:13:20.988345+00:00", "action_flag": 3, "change_message": ""}}, {"model": "admin.logentry", "pk": 18, "fields": {"action_time": "2024-03-14T17:46:44.604Z", "user": 1, "content_type": 7, "object_id": "5", "object_repr": "123 alex", "action_flag": 2, "change_message": "[{\"changed\": {\"fields\": [\"\\u041f\\u043e\\u043d\\u0438\\u0437\\u0438\\u0442\\u044c \\u043b\\u0438\\u043c\\u0438\\u0442 \\u0432 \\u0437\\u0430\\u043a\\u0430\\u0437\\u0435 \\u0434\\u043e 10 \\u0448\\u0442.\"]}}]"}}, {"model": "auth.permission", "pk": 1, "fields": {"name": "Can add log entry", "content_type": 1, "codename": "add_logentry"}}, {"model": "auth.permission", "pk": 2, "fields": {"name": "Can change log entry", "content_type": 1, "codename": "change_logentry"}}, {"model": "auth.permission", "pk": 3, "fields": {"name": "Can delete log entry", "content_type": 1, "codename": "delete_logentry"}}, {"model": "auth.permission", "pk": 4, "fields": {"name": "Can view log entry", "content_type": 1, "codename": "view_logentry"}}, {"model": "auth.permission", "pk": 5, "fields": {"name": "Can add permission", "content_type": 2, "codename": "add_permission"}}, {"model": "auth.permission", "pk": 6, "fields": {"name": "Can change permission", "content_type": 2, "codename": "change_permission"}}, {"model": "auth.permission", "pk": 7, "fields": {"name": "Can delete permission", "content_type": 2, "codename": "delete_permission"}}, {"model": "auth.permission", "pk": 8, "fields": {"name": "Can view permission", "content_type": 2, "codename": "view_permission"}}, {"model": "auth.permission", "pk": 9, "fields": {"name": "Can add group", "content_type": 3, "codename": "add_group"}}, {"model": "auth.permission", "pk": 10, "fields": {"name": "Can change group", "content_type": 3, "codename": "change_group"}}, {"model": "auth.permission", "pk": 11, "fields": {"name": "Can delete group", "content_type": 3, "codename": "delete_group"}}, {"model": "auth.permission", "pk": 12, "fields": {"name": "Can view group", "content_type": 3, "codename": "view_group"}}, {"model": "auth.permission", "pk": 13, "fields": {"name": "Can add user", "content_type": 4, "codename": "add_user"}}, {"model": "auth.permission", "pk": 14, "fields": {"name": "Can change user", "content_type": 4, "codename": "change_user"}}, {"model": "auth.permission", "pk": 15, "fields": {"name": "Can delete user", "content_type": 4, "codename": "delete_user"}}, {"model": "auth.permission", "pk": 16, "fields": {"name": "Can view user", "content_type": 4, "codename": "view_user"}}, {"model": "auth.permission", "pk": 17, "fields": {"name": "Can add content type", "content_type": 5, "codename": "add_contenttype"}}, {"model": "auth.permission", "pk": 18, "fields": {"name": "Can change content type", "content_type": 5, "codename": "change_contenttype"}}, {"model": "auth.permission", "pk": 19, "fields": {"name": "Can delete content type", "content_type": 5, "codename": "delete_contenttype"}}, {"model": "auth.permission", "pk": 20, "fields": {"name": "Can view content type", "content_type": 5, "codename": "view_contenttype"}}, {"model": "auth.permission", "pk": 21, "fields": {"name": "Can add session", "content_type": 6, "codename": "add_session"}}, {"model": "auth.permission", "pk": 22, "fields": {"name": "Can change session", "content_type": 6, "codename": "change_session"}}, {"model": "auth.permission", "pk": 23, "fields": {"name": "Can delete session", "content_type": 6, "codename": "delete_session"}}, {"model": "auth.permission", "pk": 24, "fields": {"name": "Can view session", "content_type": 6, "codename": "view_session"}}, {"model": "auth.permission", "pk": 25, "fields": {"name": "Can add Владелец", "content_type": 7, "codename": "add_owner"}}, {"model": "auth.permission", "pk": 26, "fields": {"name": "Can change Владелец", "content_type": 7, "codename": "change_owner"}}, {"model": "auth.permission", "pk": 27, "fields": {"name": "Can delete Владелец", "content_type": 7, "codename": "delete_owner"}}, {"model": "auth.permission", "pk": 28, "fields": {"name": "Can view Владелец", "content_type": 7, "codename": "view_owner"}}, {"model": "auth.permission", "pk": 29, "fields": {"name": "Can add Точка", "content_type": 8, "codename": "add_point"}}, {"model": "auth.permission", "pk": 30, "fields": {"name": "Can change Точка", "content_type": 8, "codename": "change_point"}}, {"model": "auth.permission", "pk": 31, "fields": {"name": "Can delete Точка", "content_type": 8, "codename": "delete_point"}}, {"model": "auth.permission", "pk": 32, "fields": {"name": "Can view Точка", "content_type": 8, "codename": "view_point"}}, {"model": "auth.permission", "pk": 33, "fields": {"name": "Can add Сотрудник", "content_type": 9, "codename": "add_employee"}}, {"model": "auth.permission", "pk": 34, "fields": {"name": "Can change Сотрудник", "content_type": 9, "codename": "change_employee"}}, {"model": "auth.permission", "pk": 35, "fields": {"name": "Can delete Сотрудник", "content_type": 9, "codename": "delete_employee"}}, {"model": "auth.permission", "pk": 36, "fields": {"name": "Can view Сотрудник", "content_type": 9, "codename": "view_employee"}}, {"model": "auth.permission", "pk": 37, "fields": {"name": "Can add Тип продукции", "content_type": 10, "codename": "add_producttype"}}, {"model": "auth.permission", "pk": 38, "fields": {"name": "Can change Тип продукции", "content_type": 10, "codename": "change_producttype"}}, {"model": "auth.permission", "pk": 39, "fields": {"name": "Can delete Тип продукции", "content_type": 10, "codename": "delete_producttype"}}, {"model": "auth.permission", "pk": 40, "fields": {"name": "Can view Тип продукции", "content_type": 10, "codename": "view_producttype"}}, {"model": "auth.permission", "pk": 41, "fields": {"name": "Can add Продукт", "content_type": 11, "codename": "add_product"}}, {"model": "auth.permission", "pk": 42, "fields": {"name": "Can change Продукт", "content_type": 11, "codename": "change_product"}}, {"model": "auth.permission", "pk": 43, "fields": {"name": "Can delete Продукт", "content_type": 11, "codename": "delete_product"}}, {"model": "auth.permission", "pk": 44, "fields": {"name": "Can view Продукт", "content_type": 11, "codename": "view_product"}}, {"model": "auth.permission", "pk": 45, "fields": {"name": "Can add Специальная цена", "content_type": 12, "codename": "add_specialprice"}}, {"model": "auth.permission", "pk": 46, "fields": {"name": "Can change Специальная цена", "content_type": 12, "codename": "change_specialprice"}}, {"model": "auth.permission", "pk": 47, "fields": {"name": "Can delete Специальная цена", "content_type": 12, "codename": "delete_specialprice"}}, {"model": "auth.permission", "pk": 48, "fields": {"name": "Can view Специальная цена", "content_type": 12, "codename": "view_specialprice"}}, {"model": "auth.permission", "pk": 49, "fields": {"name": "Can add Заказ", "content_type": 13, "codename": "add_order"}}, {"model": "auth.permission", "pk": 50, "fields": {"name": "Can change Заказ", "content_type": 13, "codename": "change_order"}}, {"model": "auth.permission", "pk": 51, "fields": {"name": "Can delete Заказ", "content_type": 13, "codename": "delete_order"}}, {"model": "auth.permission", "pk": 52, "fields": {"name": "Can view Заказ", "content_type": 13, "codename": "view_order"}}, {"model": "auth.permission", "pk": 53, "fields": {"name": "Can add Элемент заказа", "content_type": 14, "codename": "add_orderitem"}}, {"model": "auth.permission", "pk": 54, "fields": {"name": "Can change Элемент заказа", "content_type": 14, "codename": "change_orderitem"}}, {"model": "auth.permission", "pk": 55, "fields": {"name": "Can delete Элемент заказа", "content_type": 14, "codename": "delete_orderitem"}}, {"model": "auth.permission", "pk": 56, "fields": {"name": "Can view Элемент заказа", "content_type": 14, "codename": "view_orderitem"}}, {"model": "auth.permission", "pk": 57, "fields": {"name": "Can add Прием заказов", "content_type": 15, "codename": "add_orderacceptance"}}, {"model": "auth.permission", "pk": 58, "fields": {"name": "Can change Прием заказов", "content_type": 15, "codename": "change_orderacceptance"}}, {"model": "auth.permission", "pk": 59, "fields": {"name": "Can delete Прием заказов", "content_type": 15, "codename": "delete_orderacceptance"}}, {"model": "auth.permission", "pk": 60, "fields": {"name": "Can view Прием заказов", "content_type": 15, "codename": "view_orderacceptance"}}, {"model": "auth.permission", "pk": 61, "fields": {"name": "Can add Рассылка", "content_type": 16, "codename": "add_mailing"}}, {"model": "auth.permission", "pk": 62, "fields": {"name": "Can change Рассылка", "content_type": 16, "codename": "change_mailing"}}, {"model": "auth.permission", "pk": 63, "fields": {"name": "Can delete Рассылка", "content_type": 16, "codename": "delete_mailing"}}, {"model": "auth.permission", "pk": 64, "fields": {"name": "Can view Рассылка", "content_type": 16, "codename": "view_mailing"}}, {"model": "auth.permission", "pk": 65, "fields": {"name": "Can add Долги", "content_type": 17, "codename": "add_debt"}}, {"model": "auth.permission", "pk": 66, "fields": {"name": "Can change Долги", "content_type": 17, "codename": "change_debt"}}, {"model": "auth.permission", "pk": 67, "fields": {"name": "Can delete Долги", "content_type": 17, "codename": "delete_debt"}}, {"model": "auth.permission", "pk": 68, "fields": {"name": "Can view Долги", "content_type": 17, "codename": "view_debt"}}, {"model": "auth.user", "pk": 1, "fields": {"password": "pbkdf2_sha256$720000$8tn7AVivQwz7C5H8z3ScnB$tflaOzUsF9rrziHR+8VuqylGjs0ns72OXDjvvaTScnU=", "last_login": "2024-03-14T08:53:23.805Z", "is_superuser": true, "username": "admin", "first_name": "", "last_name": "", "email": "", "is_staff": true, "is_active": true, "date_joined": "2024-03-02T15:51:43.721Z", "groups": [], "user_permissions": []}}, {"model": "contenttypes.contenttype", "pk": 1, "fields": {"app_label": "admin", "model": "logentry"}}, {"model": "contenttypes.contenttype", "pk": 2, "fields": {"app_label": "auth", "model": "permission"}}, {"model": "contenttypes.contenttype", "pk": 3, "fields": {"app_label": "auth", "model": "group"}}, {"model": "contenttypes.contenttype", "pk": 4, "fields": {"app_label": "auth", "model": "user"}}, {"model": "contenttypes.contenttype", "pk": 5, "fields": {"app_label": "contenttypes", "model": "contenttype"}}, {"model": "contenttypes.contenttype", "pk": 6, "fields": {"app_label": "sessions", "model": "session"}}, {"model": "contenttypes.contenttype", "pk": 7, "fields": {"app_label": "accounts", "model": "owner"}}, {"model": "contenttypes.contenttype", "pk": 8, "fields": {"app_label": "accounts", "model": "point"}}, {"model": "contenttypes.contenttype", "pk": 9, "fields": {"app_label": "accounts", "model": "employee"}}, {"model": "contenttypes.contenttype", "pk": 10, "fields": {"app_label": "orders", "model": "producttype"}}, {"model": "contenttypes.contenttype", "pk": 11, "fields": {"app_label": "orders", "model": "product"}}, {"model": "contenttypes.contenttype", "pk": 12, "fields": {"app_label": "orders", "model": "specialprice"}}, {"model": "contenttypes.contenttype", "pk": 13, "fields": {"app_label": "orders", "model": "order"}}, {"model": "contenttypes.contenttype", "pk": 14, "fields": {"app_label": "orders", "model": "orderitem"}}, {"model": "contenttypes.contenttype", "pk": 15, "fields": {"app_label": "orders", "model": "orderacceptance"}}, {"model": "contenttypes.contenttype", "pk": 16, "fields": {"app_label": "mailing", "model": "mailing"}}, {"model": "contenttypes.contenttype", "pk": 17, "fields": {"app_label": "mailing", "model": "debt"}}, {"model": "sessions.session", "pk": "5h1c2vy0zjgbd31hd8v2tdailwpm00g0", "fields": {"session_data": ".eJxVjEEOwiAQRe_C2pAOCENduvcMBJhBqgaS0q6Md7dNutDtf-_9t_BhXYpfO89-InERIE6_WwzpyXUH9Aj13mRqdZmnKHdFHrTLWyN-XQ_376CEXrbawoiJANFGUpYzcraYRweEaOJ5UFprcArYaU3WBFA8QIi0NdlZNuLzBc60N30:1rhmkn:hPzRpOo98jajqYQG_KmMQMYvoHG-wzR7NrH-2FI7U90", "expire_date": "2024-03-20T08:35:57.679Z"}}, {"model": "sessions.session", "pk": "60xg7ynfx5vup2xmuowhewzkgdsiq3yy", "fields": {"session_data": ".eJxVjEEOwiAQRe_C2pAOCENduvcMBJhBqgaS0q6Md7dNutDtf-_9t_BhXYpfO89-InERIE6_WwzpyXUH9Aj13mRqdZmnKHdFHrTLWyN-XQ_376CEXrbawoiJANFGUpYzcraYRweEaOJ5UFprcArYaU3WBFA8QIi0NdlZNuLzBc60N30:1rgReN:YWLyDdFpHi5RxKs9fSRpvl2SF4L-wMylkIxnTZ2zXEU", "expire_date": "2024-03-16T15:51:47.257Z"}}, {"model": "sessions.session", "pk": "lcf1g6pa7uv5nhcii2g35vpzo9rcsz1d", "fields": {"session_data": ".eJxVjEEOwiAQRe_C2pAOCENduvcMBJhBqgaS0q6Md7dNutDtf-_9t_BhXYpfO89-InERIE6_WwzpyXUH9Aj13mRqdZmnKHdFHrTLWyN-XQ_376CEXrbawoiJANFGUpYzcraYRweEaOJ5UFprcArYaU3WBFA8QIi0NdlZNuLzBc60N30:1rkgq3:grGqwiJM_5H54obNlgWZ9kfJTm1mbOi8rvEgPamzcf8", "expire_date": "2024-03-28T08:53:23.807Z"}}, {"model": "accounts.owner", "pk": 1, "fields": {"unp": "193565114", "fio": "ИП Андреева Карина", "tg_id": "1234", "phone": "375 29 12-60-000", "created_at": "2024-02-08T09:23:15.650Z", "has_notifications": true, "is_active": true, "pickup": false, "reduced_limit": false}}, {"model": "accounts.owner", "pk": 5, "fields": {"unp": "123", "fio": "alex", "tg_id": "625855750", "phone": "375", "created_at": "2024-02-17T12:08:24.352Z", "has_notifications": true, "is_active": true, "pickup": true, "reduced_limit": true}}, {"model": "accounts.owner", "pk": 126018, "fields": {"unp": "193213093", "fio": "БестЯмико", "tg_id": null, "phone": "29123456", "created_at": "2024-03-02T14:14:33.918Z", "has_notifications": true, "is_active": true, "pickup": false, "reduced_limit": false}}, {"model": "accounts.owner", "pk": 126019, "fields": {"unp": "693172158", "fio": "ИП Аллахвердиева сыр", "tg_id": null, "phone": "29123455", "created_at": "2024-03-02T14:18:10.364Z", "has_notifications": true, "is_active": true, "pickup": false, "reduced_limit": false}}, {"model": "accounts.owner", "pk": 126020, "fields": {"unp": "193165061", "fio": "ИП Бабайка М.И.", "tg_id": null, "phone": "29123454", "created_at": "2024-03-02T14:18:10.366Z", "has_notifications": true, "is_active": true, "pickup": false, "reduced_limit": false}}, {"model": "accounts.owner", "pk": 126021, "fields": {"unp": "693301346", "fio": "ИП Барташ А.А.", "tg_id": null, "phone": "29123453", "created_at": "2024-03-02T14:18:10.367Z", "has_notifications": true, "is_active": true, "pickup": false, "reduced_limit": false}}, {"model": "accounts.owner", "pk": 126022, "fields": {"unp": "692116857", "fio": "ИП Батурчик Ю.В", "tg_id": null, "phone": "29123452", "created_at": "2024-03-02T14:18:10.369Z", "has_notifications": true, "is_active": true, "pickup": false, "reduced_limit": false}}, {"model": "accounts.owner", "pk": 126023, "fields": {"unp": "192840848", "fio": "ИП Боскин А.С", "tg_id": null, "phone": "29123451", "created_at": "2024-03-02T14:18:10.371Z", "has_notifications": true, "is_active": true, "pickup": false, "reduced_limit": false}}, {"model": "accounts.owner", "pk": 126024, "fields": {"unp": "192710676", "fio": "ИП Бовшис Роберт", "tg_id": null, "phone": "29123450", "created_at": "2024-03-02T14:18:10.372Z", "has_notifications": true, "is_active": true, "pickup": false, "reduced_limit": false}}, {"model": "accounts.owner", "pk": 126025, "fields": {"unp": "692202855", "fio": "ИП Борозна М.О", "tg_id": null, "phone": "2912345", "created_at": "2024-03-02T14:18:10.373Z", "has_notifications": true, "is_active": true, "pickup": false, "reduced_limit": false}}, {"model": "accounts.owner", "pk": 126026, "fields": {"unp": "692179354", "fio": "ИП Буйко ", "tg_id": null, "phone": "2912344", "created_at": "2024-03-02T14:18:10.375Z", "has_notifications": true, "is_active": true, "pickup": false, "reduced_limit": false}}, {"model": "accounts.owner", "pk": 126027, "fields": {"unp": "691644954", "fio": "ИП Быстрия В.И", "tg_id": null, "phone": "2912343", "created_at": "2024-03-02T14:18:10.376Z", "has_notifications": true, "is_active": true, "pickup": false, "reduced_limit": false}}, {"model": "accounts.owner", "pk": 126028, "fields": {"unp": "193689466", "fio": "БЕСТ КОФЕ АНЛИМИТЕД", "tg_id": null, "phone": "29123442", "created_at": "2024-03-02T14:18:10.377Z", "has_notifications": true, "is_active": true, "pickup": false, "reduced_limit": false}}, {"model": "accounts.owner", "pk": 126029, "fields": {"unp": "690665640", "fio": "Бинокор", "tg_id": null, "phone": "29123", "created_at": "2024-03-02T14:18:10.378Z", "has_notifications": true, "is_active": true, "pickup": false, "reduced_limit": false}}, {"model": "accounts.owner", "pk": 126030, "fields": {"unp": "193510246", "fio": "Юта Консалт, ООО", "tg_id": null, "phone": "291", "created_at": "2024-03-02T14:18:10.380Z", "has_notifications": true, "is_active": true, "pickup": false, "reduced_limit": false}}, {"model": "accounts.owner", "pk": 126031, "fields": {"unp": "100057174", "fio": "Гетман", "tg_id": null, "phone": "29", "created_at": "2024-03-02T14:18:10.381Z", "has_notifications": true, "is_active": true, "pickup": false, "reduced_limit": false}}, {"model": "accounts.owner", "pk": 126032, "fields": {"unp": "193593701", "fio": "ГолдФ", "tg_id": null, "phone": "2", "created_at": "2024-03-02T14:18:10.382Z", "has_notifications": true, "is_active": true, "pickup": false, "reduced_limit": false}}, {"model": "accounts.point", "pk": 1, "fields": {"owner": 1, "address": "г. Минск пер. Козлова д. 25", "working_hours": null}}, {"model": "accounts.point", "pk": 14, "fields": {"owner": 5, "address": "Точка 1", "working_hours": "9:00-22:00"}}, {"model": "accounts.point", "pk": 15, "fields": {"owner": 5, "address": "Точка 2", "working_hours": "12-20"}}, {"model": "accounts.employee", "pk": 1, "fields": {"owner": 5, "point": 15, "fio": "сотрудник 1", "tg_id": "", "phone": "365", "created_at": "2024-03-07T07:49:32.568Z", "has_notifications": true, "is_active": true}}, {"model": "orders.producttype", "pk": 1, "fields": {"name": "Сэндвичи"}}, {"model": "orders.producttype", "pk": 2, "fields": {"name": "Роллы"}}, {"model": "orders.product", "pk": 1, "fields": {"product_type": 1, "name": "Сэндвич с курицей", "price": 3.5, "excel_name": "Кур", "excel_code": "000000039"}}, {"model": "orders.product", "pk": 2, "fields": {"product_type": 1, "name": "Сэндвич с ветчиной", "price": 3.5, "excel_name": "Вет", "excel_code": "000000036"}}, {"model": "orders.product", "pk": 3, "fields": {"product_type": 1, "name": "Сэндвич с беконом", "price": 3.5, "excel_name": "1", "excel_code": "000000280"}}, {"model": "orders.product", "pk": 4, "fields": {"product_type": 1, "name": "Сэндвич с рыбой", "price": 3.6, "excel_name": "1", "excel_code": "000000038"}}, {"model": "orders.product", "pk": 5, "fields": {"product_type": 1, "name": "Сэндвич сытный", "price": 3.6, "excel_name": "1", "excel_code": "000000397"}}, {"model": "orders.product", "pk": 6, "fields": {"product_type": 2, "name": "Ролл с курицей", "price": 3.5, "excel_name": "1", "excel_code": "000000245"}}, {"model": "orders.product", "pk": 7, "fields": {"product_type": 2, "name": "Ролл с ветичной", "price": 3.5, "excel_name": "1", "excel_code": "000000246"}}, {"model": "orders.specialprice", "pk": 3, "fields": {"owner": 1, "product": 3, "price": 3.3}}, {"model": "orders.order", "pk": 26, "fields": {"owner": 1, "employee": null, "point": null, "created_at": "2024-02-16T08:29:51.920Z", "pickup": true, "status": "AC"}}, {"model": "orders.order", "pk": 27, "fields": {"owner": 1, "employee": null, "point": 1, "created_at": "2024-02-16T08:30:06.781Z", "pickup": false, "status": "AC"}}, {"model": "orders.order", "pk": 28, "fields": {"owner": 1, "employee": null, "point": 1, "created_at": "2024-02-16T08:33:59.920Z", "pickup": false, "status": "AC"}}, {"model": "orders.order", "pk": 29, "fields": {"owner": 1, "employee": null, "point": 1, "created_at": "2024-02-16T09:41:14.372Z", "pickup": false, "status": "AC"}}, {"model": "orders.order", "pk": 30, "fields": {"owner": 1, "employee": null, "point": 1, "created_at": "2024-02-17T11:49:45.746Z", "pickup": false, "status": "AC"}}, {"model": "orders.order", "pk": 41, "fields": {"owner": 5, "employee": null, "point": 14, "created_at": "2024-03-14T17:41:49.115Z", "pickup": false, "status": "CR"}}, {"model": "orders.order", "pk": 42, "fields": {"owner": 5, "employee": null, "point": 15, "created_at": "2024-03-14T17:47:32.387Z", "pickup": false, "status": "CR"}}, {"model": "orders.orderitem", "pk": 34, "fields": {"order": 26, "product": 1, "count": 2}}, {"model": "orders.orderitem", "pk": 35, "fields": {"order": 27, "product": 3, "count": 1}}, {"model": "orders.orderitem", "pk": 36, "fields": {"order": 28, "product": 1, "count": 2}}, {"model": "orders.orderitem", "pk": 37, "fields": {"order": 29, "product": 1, "count": 6}}, {"model": "orders.orderitem", "pk": 38, "fields": {"order": 30, "product": 3, "count": 5}}, {"model": "orders.orderitem", "pk": 60, "fields": {"order": 41, "product": 1, "count": 5}}, {"model": "orders.orderitem", "pk": 62, "fields": {"order": 41, "product": 3, "count": 5}}, {"model": "orders.orderitem", "pk": 63, "fields": {"order": 42, "product": 1, "count": 4}}, {"model": "orders.orderitem", "pk": 64, "fields": {"order": 42, "product": 2, "count": 7}}, {"model": "orders.orderitem", "pk": 65, "fields": {"order": 41, "product": 6, "count": 1}}, {"model": "orders.orderacceptance", "pk": 4, "fields": {"status": "OP"}}]