[{"model": "admin.logentry", "pk": 1, "fields": {"action_time": "2024-02-07T11:09:52.130Z", "user": 2, "content_type": 3, "object_id": "1", "object_repr": "Владелец", "action_flag": 1, "change_message": "[{\"added\": {}}]"}}, {"model": "admin.logentry", "pk": 2, "fields": {"action_time": "2024-02-07T11:10:15.749Z", "user": 2, "content_type": 3, "object_id": "1", "object_repr": "Владелец", "action_flag": 3, "change_message": ""}}, {"model": "admin.logentry", "pk": 3, "fields": {"action_time": "2024-02-08T09:23:15.652Z", "user": 2, "content_type": 9, "object_id": "1", "object_repr": "193565114 ИП Андреева Карина", "action_flag": 1, "change_message": "[{\"added\": {}}]"}}, {"model": "admin.logentry", "pk": 4, "fields": {"action_time": "2024-02-08T09:33:24.223Z", "user": 2, "content_type": 8, "object_id": "1", "object_repr": "г. Минск пер. Козлова д. 25 193565114 ИП Андреева Карина", "action_flag": 1, "change_message": "[{\"added\": {}}]"}}, {"model": "admin.logentry", "pk": 5, "fields": {"action_time": "2024-02-09T11:03:55.214Z", "user": 2, "content_type": 9, "object_id": "2", "object_repr": "123 fio", "action_flag": 2, "change_message": "[{\"changed\": {\"fields\": [\"\\u041f\\u043e\\u0434\\u0442\\u0432\\u0435\\u0440\\u0434\\u0438\\u0442\\u044c \\u0440\\u0435\\u0433\\u0438\\u0441\\u0442\\u0440\\u0430\\u0446\\u0438\\u044e\"]}}]"}}, {"model": "admin.logentry", "pk": 6, "fields": {"action_time": "2024-02-10T15:08:25.590Z", "user": 2, "content_type": 8, "object_id": "4", "object_repr": "Точка 3 123 fio", "action_flag": 3, "change_message": ""}}, {"model": "admin.logentry", "pk": 7, "fields": {"action_time": "2024-02-10T15:08:25.594Z", "user": 2, "content_type": 8, "object_id": "3", "object_repr": "Точка 2 123 fio", "action_flag": 3, "change_message": ""}}, {"model": "admin.logentry", "pk": 8, "fields": {"action_time": "2024-02-10T15:08:25.596Z", "user": 2, "content_type": 8, "object_id": "2", "object_repr": "Точка 1 123 fio", "action_flag": 3, "change_message": ""}}, {"model": "admin.logentry", "pk": 9, "fields": {"action_time": "2024-02-10T15:08:33.800Z", "user": 2, "content_type": 9, "object_id": "2", "object_repr": "123 fio", "action_flag": 3, "change_message": ""}}, {"model": "admin.logentry", "pk": 10, "fields": {"action_time": "2024-02-10T15:15:16.902Z", "user": 2, "content_type": 7, "object_id": "1", "object_repr": "193565114 Жилюк Александр Владимирович", "action_flag": 3, "change_message": ""}}, {"model": "admin.logentry", "pk": 11, "fields": {"action_time": "2024-02-10T15:15:42.088Z", "user": 2, "content_type": 9, "object_id": "3", "object_repr": "123456789 alex", "action_flag": 2, "change_message": "[{\"changed\": {\"fields\": [\"\\u041f\\u043e\\u0434\\u0442\\u0432\\u0435\\u0440\\u0434\\u0438\\u0442\\u044c \\u0440\\u0435\\u0433\\u0438\\u0441\\u0442\\u0440\\u0430\\u0446\\u0438\\u044e\"]}}]"}}, {"model": "admin.logentry", "pk": 12, "fields": {"action_time": "2024-02-10T15:16:18.970Z", "user": 2, "content_type": 7, "object_id": "2", "object_repr": "123456789 сотрудник 1", "action_flag": 1, "change_message": "[{\"added\": {}}]"}}, {"model": "admin.logentry", "pk": 13, "fields": {"action_time": "2024-02-12T09:56:24.016Z", "user": 2, "content_type": 8, "object_id": "10", "object_repr": "Точка 1 123456789 alex", "action_flag": 3, "change_message": ""}}, {"model": "admin.logentry", "pk": 14, "fields": {"action_time": "2024-02-13T09:33:19.912Z", "user": 2, "content_type": 13, "object_id": "1", "object_repr": "Сэндвичи", "action_flag": 1, "change_message": "[{\"added\": {}}]"}}, {"model": "admin.logentry", "pk": 15, "fields": {"action_time": "2024-02-13T09:33:23.517Z", "user": 2, "content_type": 13, "object_id": "2", "object_repr": "Роллы", "action_flag": 1, "change_message": "[{\"added\": {}}]"}}, {"model": "admin.logentry", "pk": 16, "fields": {"action_time": "2024-02-13T09:34:33.920Z", "user": 2, "content_type": 11, "object_id": "1", "object_repr": "Сэндвич с курицей: 3.5 руб.", "action_flag": 1, "change_message": "[{\"added\": {}}]"}}, {"model": "admin.logentry", "pk": 17, "fields": {"action_time": "2024-02-13T09:36:26.549Z", "user": 2, "content_type": 12, "object_id": "1", "object_repr": "Сэндвич с курицей: 3.5 руб. (alex)", "action_flag": 1, "change_message": "[{\"added\": {}}]"}}, {"model": "admin.logentry", "pk": 18, "fields": {"action_time": "2024-02-14T09:27:28.489Z", "user": 2, "content_type": 15, "object_id": "1", "object_repr": "123456789 alex: 2024-02-14 09:27:28.487442+00:00", "action_flag": 1, "change_message": "[{\"added\": {}}]"}}, {"model": "admin.logentry", "pk": 19, "fields": {"action_time": "2024-02-14T09:28:04.147Z", "user": 2, "content_type": 15, "object_id": "1", "object_repr": "123456789 alex: 2024-02-14 09:27:28.487442+00:00", "action_flag": 2, "change_message": "[]"}}, {"model": "admin.logentry", "pk": 20, "fields": {"action_time": "2024-02-14T09:28:52.920Z", "user": 2, "content_type": 14, "object_id": "1", "object_repr": "Сэндвич с курицей: 3.5 руб. Кол-во: 5 шт.", "action_flag": 1, "change_message": "[{\"added\": {}}]"}}, {"model": "admin.logentry", "pk": 21, "fields": {"action_time": "2024-02-14T09:40:33.516Z", "user": 2, "content_type": 12, "object_id": "1", "object_repr": "Сэндвич с курицей: 3.5 руб. (alex)", "action_flag": 3, "change_message": ""}}, {"model": "admin.logentry", "pk": 22, "fields": {"action_time": "2024-02-14T09:40:57.371Z", "user": 2, "content_type": 12, "object_id": "2", "object_repr": "Сэндвич с курицей: 3.5 руб. (alex)", "action_flag": 1, "change_message": "[{\"added\": {}}]"}}, {"model": "admin.logentry", "pk": 23, "fields": {"action_time": "2024-02-14T09:55:41.577Z", "user": 2, "content_type": 15, "object_id": "1", "object_repr": "123456789 alex: 2024-02-14 09:27:28.487442+00:00", "action_flag": 2, "change_message": "[]"}}, {"model": "admin.logentry", "pk": 24, "fields": {"action_time": "2024-02-15T09:48:05.355Z", "user": 2, "content_type": 11, "object_id": "2", "object_repr": "Сэндвич с ветчиной: 3.5 руб.", "action_flag": 1, "change_message": "[{\"added\": {}}]"}}, {"model": "admin.logentry", "pk": 25, "fields": {"action_time": "2024-02-15T09:48:20.069Z", "user": 2, "content_type": 11, "object_id": "3", "object_repr": "Сэндвич с беконом: 3.5 руб.", "action_flag": 1, "change_message": "[{\"added\": {}}]"}}, {"model": "admin.logentry", "pk": 26, "fields": {"action_time": "2024-02-15T15:32:07.348Z", "user": 2, "content_type": 15, "object_id": "2", "object_repr": "123456789 alex: 2024-02-15 15:31:15.726114+00:00", "action_flag": 3, "change_message": ""}}, {"model": "admin.logentry", "pk": 27, "fields": {"action_time": "2024-02-15T15:32:07.350Z", "user": 2, "content_type": 15, "object_id": "1", "object_repr": "123456789 alex: 2024-02-14 09:27:28.487442+00:00", "action_flag": 3, "change_message": ""}}, {"model": "admin.logentry", "pk": 28, "fields": {"action_time": "2024-02-15T15:32:57.243Z", "user": 2, "content_type": 7, "object_id": "2", "object_repr": "123456789 сотрудник 1", "action_flag": 3, "change_message": ""}}, {"model": "admin.logentry", "pk": 29, "fields": {"action_time": "2024-02-15T15:33:10.463Z", "user": 2, "content_type": 9, "object_id": "3", "object_repr": "123456789 alex", "action_flag": 3, "change_message": ""}}, {"model": "admin.logentry", "pk": 30, "fields": {"action_time": "2024-02-15T15:38:14.622Z", "user": 2, "content_type": 12, "object_id": "3", "object_repr": "Сэндвич с беконом: 3.5 руб. (ИП Андреева Карина)", "action_flag": 1, "change_message": "[{\"added\": {}}]"}}, {"model": "admin.logentry", "pk": 31, "fields": {"action_time": "2024-02-15T16:01:33.933Z", "user": 2, "content_type": 9, "object_id": "1", "object_repr": "193565114 ИП Андреева Карина", "action_flag": 2, "change_message": "[{\"changed\": {\"fields\": [\"\\u0420\\u0430\\u0437\\u0440\\u0435\\u0448\\u0438\\u0442\\u044c \\u0441\\u0430\\u043c\\u043e\\u0432\\u044b\\u0432\\u043e\\u0437\"]}}]"}}, {"model": "admin.logentry", "pk": 32, "fields": {"action_time": "2024-02-15T16:02:43.029Z", "user": 2, "content_type": 15, "object_id": "8", "object_repr": "193565114 alex: 2024-02-15 16:01:52.459638+00:00", "action_flag": 3, "change_message": ""}}, {"model": "admin.logentry", "pk": 33, "fields": {"action_time": "2024-02-15T16:02:43.031Z", "user": 2, "content_type": 15, "object_id": "7", "object_repr": "193565114 alex: 2024-02-15 16:01:25.394719+00:00", "action_flag": 3, "change_message": ""}}, {"model": "admin.logentry", "pk": 34, "fields": {"action_time": "2024-02-15T16:02:43.032Z", "user": 2, "content_type": 15, "object_id": "6", "object_repr": "193565114 alex: 2024-02-15 15:43:04.650004+00:00", "action_flag": 3, "change_message": ""}}, {"model": "admin.logentry", "pk": 35, "fields": {"action_time": "2024-02-15T16:02:43.032Z", "user": 2, "content_type": 15, "object_id": "5", "object_repr": "193565114 alex: 2024-02-15 15:41:57.745433+00:00", "action_flag": 3, "change_message": ""}}, {"model": "admin.logentry", "pk": 36, "fields": {"action_time": "2024-02-15T16:02:43.033Z", "user": 2, "content_type": 15, "object_id": "4", "object_repr": "193565114 alex: 2024-02-15 15:38:40.015962+00:00", "action_flag": 3, "change_message": ""}}, {"model": "admin.logentry", "pk": 37, "fields": {"action_time": "2024-02-15T16:02:43.034Z", "user": 2, "content_type": 15, "object_id": "3", "object_repr": "193565114 alex: 2024-02-15 15:36:43.189115+00:00", "action_flag": 3, "change_message": ""}}, {"model": "admin.logentry", "pk": 38, "fields": {"action_time": "2024-02-16T08:04:20.103Z", "user": 2, "content_type": 15, "object_id": "11", "object_repr": "193565114 alex: 2024-02-15 16:07:41.917009+00:00", "action_flag": 3, "change_message": ""}}, {"model": "admin.logentry", "pk": 39, "fields": {"action_time": "2024-02-16T08:04:20.107Z", "user": 2, "content_type": 15, "object_id": "10", "object_repr": "193565114 alex: 2024-02-15 16:05:12.467312+00:00", "action_flag": 3, "change_message": ""}}, {"model": "admin.logentry", "pk": 40, "fields": {"action_time": "2024-02-16T08:04:20.108Z", "user": 2, "content_type": 15, "object_id": "9", "object_repr": "193565114 alex: 2024-02-15 16:03:01.714652+00:00", "action_flag": 3, "change_message": ""}}, {"model": "admin.logentry", "pk": 41, "fields": {"action_time": "2024-02-16T08:15:48.009Z", "user": 2, "content_type": 7, "object_id": "4", "object_repr": "193565114 alex", "action_flag": 2, "change_message": "[{\"changed\": {\"fields\": [\"\\u0422\\u043e\\u0447\\u043a\\u0430\"]}}]"}}, {"model": "admin.logentry", "pk": 42, "fields": {"action_time": "2024-02-16T08:16:30.126Z", "user": 2, "content_type": 15, "object_id": "14", "object_repr": "193565114 alex: 2024-02-16 08:12:26.148224+00:00", "action_flag": 3, "change_message": ""}}, {"model": "admin.logentry", "pk": 43, "fields": {"action_time": "2024-02-16T08:16:30.129Z", "user": 2, "content_type": 15, "object_id": "13", "object_repr": "193565114 alex: 2024-02-16 08:10:52.121056+00:00", "action_flag": 3, "change_message": ""}}, {"model": "admin.logentry", "pk": 44, "fields": {"action_time": "2024-02-16T08:16:56.788Z", "user": 2, "content_type": 15, "object_id": "15", "object_repr": "193565114 alex: 2024-02-16 08:16:02.796141+00:00", "action_flag": 3, "change_message": ""}}, {"model": "admin.logentry", "pk": 45, "fields": {"action_time": "2024-02-16T08:16:56.794Z", "user": 2, "content_type": 15, "object_id": "12", "object_repr": "193565114 alex: 2024-02-16 08:10:33.013174+00:00", "action_flag": 3, "change_message": ""}}, {"model": "admin.logentry", "pk": 46, "fields": {"action_time": "2024-02-16T08:17:02.365Z", "user": 2, "content_type": 7, "object_id": "4", "object_repr": "193565114 alex", "action_flag": 3, "change_message": ""}}, {"model": "admin.logentry", "pk": 47, "fields": {"action_time": "2024-02-16T08:17:55.151Z", "user": 2, "content_type": 9, "object_id": "4", "object_repr": "12345678 alex", "action_flag": 2, "change_message": "[{\"changed\": {\"fields\": [\"\\u041f\\u043e\\u0434\\u0442\\u0432\\u0435\\u0440\\u0434\\u0438\\u0442\\u044c \\u0440\\u0435\\u0433\\u0438\\u0441\\u0442\\u0440\\u0430\\u0446\\u0438\\u044e\"]}}]"}}, {"model": "admin.logentry", "pk": 48, "fields": {"action_time": "2024-02-16T08:19:46.859Z", "user": 2, "content_type": 9, "object_id": "4", "object_repr": "12345678 alex", "action_flag": 2, "change_message": "[{\"changed\": {\"fields\": [\"\\u0420\\u0430\\u0437\\u0440\\u0435\\u0448\\u0438\\u0442\\u044c \\u0441\\u0430\\u043c\\u043e\\u0432\\u044b\\u0432\\u043e\\u0437\"]}}]"}}, {"model": "admin.logentry", "pk": 49, "fields": {"action_time": "2024-02-16T08:21:40.653Z", "user": 2, "content_type": 15, "object_id": "20", "object_repr": "12345678 alex: 2024-02-16 08:20:52.733051+00:00", "action_flag": 3, "change_message": ""}}, {"model": "admin.logentry", "pk": 50, "fields": {"action_time": "2024-02-16T08:21:40.654Z", "user": 2, "content_type": 15, "object_id": "19", "object_repr": "12345678 alex: 2024-02-16 08:20:52.732615+00:00", "action_flag": 3, "change_message": ""}}, {"model": "admin.logentry", "pk": 51, "fields": {"action_time": "2024-02-16T08:21:40.655Z", "user": 2, "content_type": 15, "object_id": "18", "object_repr": "12345678 alex: 2024-02-16 08:20:38.707291+00:00", "action_flag": 3, "change_message": ""}}, {"model": "admin.logentry", "pk": 52, "fields": {"action_time": "2024-02-16T08:21:40.657Z", "user": 2, "content_type": 15, "object_id": "17", "object_repr": "12345678 alex: 2024-02-16 08:20:28.430375+00:00", "action_flag": 3, "change_message": ""}}, {"model": "admin.logentry", "pk": 53, "fields": {"action_time": "2024-02-16T08:21:40.658Z", "user": 2, "content_type": 15, "object_id": "16", "object_repr": "12345678 alex: 2024-02-16 08:18:51.221885+00:00", "action_flag": 3, "change_message": ""}}, {"model": "admin.logentry", "pk": 54, "fields": {"action_time": "2024-02-16T08:25:41.192Z", "user": 2, "content_type": 15, "object_id": "23", "object_repr": "12345678 alex: 2024-02-16 08:25:05.251123+00:00", "action_flag": 3, "change_message": ""}}, {"model": "admin.logentry", "pk": 55, "fields": {"action_time": "2024-02-16T08:25:41.196Z", "user": 2, "content_type": 15, "object_id": "22", "object_repr": "12345678 alex: 2024-02-16 08:24:59.251955+00:00", "action_flag": 3, "change_message": ""}}, {"model": "admin.logentry", "pk": 56, "fields": {"action_time": "2024-02-16T08:28:00.499Z", "user": 2, "content_type": 15, "object_id": "25", "object_repr": "12345678 alex: 2024-02-16 08:27:49.458083+00:00", "action_flag": 3, "change_message": ""}}, {"model": "admin.logentry", "pk": 57, "fields": {"action_time": "2024-02-16T08:28:00.502Z", "user": 2, "content_type": 15, "object_id": "24", "object_repr": "12345678 alex: 2024-02-16 08:26:59.485896+00:00", "action_flag": 3, "change_message": ""}}, {"model": "admin.logentry", "pk": 58, "fields": {"action_time": "2024-02-16T08:28:00.503Z", "user": 2, "content_type": 15, "object_id": "21", "object_repr": "12345678 alex: 2024-02-16 08:21:58.405229+00:00", "action_flag": 3, "change_message": ""}}, {"model": "admin.logentry", "pk": 59, "fields": {"action_time": "2024-02-16T08:28:13.242Z", "user": 2, "content_type": 8, "object_id": "12", "object_repr": "Точка 1 12345678 alex", "action_flag": 3, "change_message": ""}}, {"model": "admin.logentry", "pk": 60, "fields": {"action_time": "2024-02-16T08:28:17.605Z", "user": 2, "content_type": 8, "object_id": "13", "object_repr": "Точка 2 12345678 alex", "action_flag": 3, "change_message": ""}}, {"model": "admin.logentry", "pk": 61, "fields": {"action_time": "2024-02-16T08:28:59.121Z", "user": 2, "content_type": 9, "object_id": "4", "object_repr": "12345678 alex", "action_flag": 3, "change_message": ""}}, {"model": "admin.logentry", "pk": 62, "fields": {"action_time": "2024-02-16T08:29:37.136Z", "user": 2, "content_type": 7, "object_id": "5", "object_repr": "193565114 alex", "action_flag": 2, "change_message": "[{\"changed\": {\"fields\": [\"\\u0422\\u043e\\u0447\\u043a\\u0430\"]}}]"}}, {"model": "admin.logentry", "pk": 63, "fields": {"action_time": "2024-02-16T08:30:35.986Z", "user": 2, "content_type": 9, "object_id": "1", "object_repr": "193565114 ИП Андреева Карина", "action_flag": 2, "change_message": "[{\"changed\": {\"fields\": [\"\\u0420\\u0430\\u0437\\u0440\\u0435\\u0448\\u0438\\u0442\\u044c \\u0441\\u0430\\u043c\\u043e\\u0432\\u044b\\u0432\\u043e\\u0437\"]}}]"}}, {"model": "admin.logentry", "pk": 64, "fields": {"action_time": "2024-02-16T08:33:46.676Z", "user": 2, "content_type": 9, "object_id": "1", "object_repr": "193565114 ИП Андреева Карина", "action_flag": 2, "change_message": "[{\"changed\": {\"fields\": [\"\\u041f\\u043e\\u0434\\u0442\\u0432\\u0435\\u0440\\u0434\\u0438\\u0442\\u044c \\u0440\\u0435\\u0433\\u0438\\u0441\\u0442\\u0440\\u0430\\u0446\\u0438\\u044e\"]}}]"}}, {"model": "admin.logentry", "pk": 65, "fields": {"action_time": "2024-02-17T12:02:48.375Z", "user": 2, "content_type": 7, "object_id": "5", "object_repr": "193565114 alex", "action_flag": 3, "change_message": ""}}, {"model": "admin.logentry", "pk": 66, "fields": {"action_time": "2024-02-17T12:08:32.876Z", "user": 2, "content_type": 9, "object_id": "5", "object_repr": "123 alex", "action_flag": 2, "change_message": "[{\"changed\": {\"fields\": [\"\\u0420\\u0430\\u0437\\u0440\\u0435\\u0448\\u0438\\u0442\\u044c \\u0441\\u0430\\u043c\\u043e\\u0432\\u044b\\u0432\\u043e\\u0437\", \"\\u041f\\u043e\\u0434\\u0442\\u0432\\u0435\\u0440\\u0434\\u0438\\u0442\\u044c \\u0440\\u0435\\u0433\\u0438\\u0441\\u0442\\u0440\\u0430\\u0446\\u0438\\u044e\"]}}]"}}, {"model": "admin.logentry", "pk": 67, "fields": {"action_time": "2024-02-17T12:08:39.647Z", "user": 2, "content_type": 9, "object_id": "5", "object_repr": "123 alex", "action_flag": 2, "change_message": "[{\"changed\": {\"fields\": [\"\\u0420\\u0430\\u0437\\u0440\\u0435\\u0448\\u0438\\u0442\\u044c \\u0441\\u0430\\u043c\\u043e\\u0432\\u044b\\u0432\\u043e\\u0437\"]}}]"}}, {"model": "admin.logentry", "pk": 68, "fields": {"action_time": "2024-02-17T12:21:01.052Z", "user": 2, "content_type": 9, "object_id": "5", "object_repr": "123 alex", "action_flag": 2, "change_message": "[{\"changed\": {\"fields\": [\"\\u0420\\u0430\\u0437\\u0440\\u0435\\u0448\\u0438\\u0442\\u044c \\u0441\\u0430\\u043c\\u043e\\u0432\\u044b\\u0432\\u043e\\u0437\"]}}]"}}, {"model": "admin.logentry", "pk": 69, "fields": {"action_time": "2024-02-19T09:51:26.959Z", "user": 2, "content_type": 11, "object_id": "4", "object_repr": "Сэндвич с рыбой: 3.6 руб.", "action_flag": 1, "change_message": "[{\"added\": {}}]"}}, {"model": "admin.logentry", "pk": 70, "fields": {"action_time": "2024-02-19T09:52:00.242Z", "user": 2, "content_type": 11, "object_id": "5", "object_repr": "Сэндвич копченый: 3.6 руб.", "action_flag": 1, "change_message": "[{\"added\": {}}]"}}, {"model": "admin.logentry", "pk": 71, "fields": {"action_time": "2024-02-19T09:52:32.029Z", "user": 2, "content_type": 11, "object_id": "6", "object_repr": "Ролл с курицей: 3.5 руб.", "action_flag": 1, "change_message": "[{\"added\": {}}]"}}, {"model": "admin.logentry", "pk": 72, "fields": {"action_time": "2024-02-19T09:52:41.237Z", "user": 2, "content_type": 11, "object_id": "7", "object_repr": "Ролл с ветичной: 3.5 руб.", "action_flag": 1, "change_message": "[{\"added\": {}}]"}}, {"model": "admin.logentry", "pk": 73, "fields": {"action_time": "2024-02-20T09:34:01.183Z", "user": 2, "content_type": 9, "object_id": "5", "object_repr": "123 alex", "action_flag": 2, "change_message": "[{\"changed\": {\"fields\": [\"\\u0420\\u0430\\u0437\\u0440\\u0435\\u0448\\u0438\\u0442\\u044c \\u0441\\u0430\\u043c\\u043e\\u0432\\u044b\\u0432\\u043e\\u0437\"]}}]"}}, {"model": "admin.logentry", "pk": 74, "fields": {"action_time": "2024-02-20T09:35:56.359Z", "user": 2, "content_type": 9, "object_id": "5", "object_repr": "123 alex", "action_flag": 2, "change_message": "[{\"changed\": {\"fields\": [\"\\u0420\\u0430\\u0437\\u0440\\u0435\\u0448\\u0438\\u0442\\u044c \\u0441\\u0430\\u043c\\u043e\\u0432\\u044b\\u0432\\u043e\\u0437\"]}}]"}}, {"model": "admin.logentry", "pk": 75, "fields": {"action_time": "2024-02-20T09:42:21.032Z", "user": 2, "content_type": 9, "object_id": "5", "object_repr": "123 alex", "action_flag": 2, "change_message": "[{\"changed\": {\"fields\": [\"\\u0420\\u0430\\u0437\\u0440\\u0435\\u0448\\u0438\\u0442\\u044c \\u0441\\u0430\\u043c\\u043e\\u0432\\u044b\\u0432\\u043e\\u0437\"]}}]"}}, {"model": "admin.logentry", "pk": 76, "fields": {"action_time": "2024-02-20T09:42:31.624Z", "user": 2, "content_type": 9, "object_id": "5", "object_repr": "123 alex", "action_flag": 2, "change_message": "[{\"changed\": {\"fields\": [\"\\u041f\\u043e\\u0434\\u0442\\u0432\\u0435\\u0440\\u0434\\u0438\\u0442\\u044c \\u0440\\u0435\\u0433\\u0438\\u0441\\u0442\\u0440\\u0430\\u0446\\u0438\\u044e\"]}}]"}}, {"model": "admin.logentry", "pk": 77, "fields": {"action_time": "2024-02-20T09:43:26.951Z", "user": 2, "content_type": 9, "object_id": "5", "object_repr": "123 alex", "action_flag": 2, "change_message": "[{\"changed\": {\"fields\": [\"\\u0420\\u0430\\u0437\\u0440\\u0435\\u0448\\u0438\\u0442\\u044c \\u0441\\u0430\\u043c\\u043e\\u0432\\u044b\\u0432\\u043e\\u0437\", \"\\u041f\\u043e\\u0434\\u0442\\u0432\\u0435\\u0440\\u0434\\u0438\\u0442\\u044c \\u0440\\u0435\\u0433\\u0438\\u0441\\u0442\\u0440\\u0430\\u0446\\u0438\\u044e\"]}}]"}}, {"model": "admin.logentry", "pk": 78, "fields": {"action_time": "2024-02-20T09:46:55.743Z", "user": 2, "content_type": 9, "object_id": "1", "object_repr": "193565114 ИП Андреева Карина", "action_flag": 2, "change_message": "[{\"changed\": {\"fields\": [\"\\u041f\\u043e\\u0434\\u0442\\u0432\\u0435\\u0440\\u0434\\u0438\\u0442\\u044c \\u0440\\u0435\\u0433\\u0438\\u0441\\u0442\\u0440\\u0430\\u0446\\u0438\\u044e\"]}}]"}}, {"model": "admin.logentry", "pk": 79, "fields": {"action_time": "2024-02-20T09:48:25.256Z", "user": 2, "content_type": 9, "object_id": "1", "object_repr": "193565114 ИП Андреева Карина", "action_flag": 2, "change_message": "[{\"changed\": {\"fields\": [\"\\u041f\\u043e\\u0434\\u0442\\u0432\\u0435\\u0440\\u0434\\u0438\\u0442\\u044c \\u0440\\u0435\\u0433\\u0438\\u0441\\u0442\\u0440\\u0430\\u0446\\u0438\\u044e\"]}}]"}}, {"model": "admin.logentry", "pk": 80, "fields": {"action_time": "2024-02-21T10:05:22.932Z", "user": 2, "content_type": 16, "object_id": "1", "object_repr": "Открыт", "action_flag": 1, "change_message": "[{\"added\": {}}]"}}, {"model": "admin.logentry", "pk": 81, "fields": {"action_time": "2024-02-21T10:14:30.316Z", "user": 2, "content_type": 16, "object_id": "None", "object_repr": "Открыт", "action_flag": 1, "change_message": "[{\"added\": {}}]"}}, {"model": "admin.logentry", "pk": 82, "fields": {"action_time": "2024-02-21T10:14:52.619Z", "user": 2, "content_type": 16, "object_id": "None", "object_repr": "Закрыт", "action_flag": 1, "change_message": "[{\"added\": {}}]"}}, {"model": "admin.logentry", "pk": 83, "fields": {"action_time": "2024-02-21T10:15:19.102Z", "user": 2, "content_type": 16, "object_id": "1", "object_repr": "Закрыт", "action_flag": 2, "change_message": "[{\"changed\": {\"fields\": [\"\\u0421\\u0442\\u0430\\u0442\\u0443\\u0441\"]}}]"}}, {"model": "admin.logentry", "pk": 84, "fields": {"action_time": "2024-02-21T10:19:03.268Z", "user": 2, "content_type": 16, "object_id": "1", "object_repr": "Закрыт", "action_flag": 2, "change_message": "[{\"changed\": {\"fields\": [\"\\u0421\\u0442\\u0430\\u0442\\u0443\\u0441\"]}}]"}}, {"model": "admin.logentry", "pk": 85, "fields": {"action_time": "2024-02-21T10:19:25.720Z", "user": 2, "content_type": 16, "object_id": "1", "object_repr": "Закрыт", "action_flag": 2, "change_message": "[{\"changed\": {\"fields\": [\"\\u0421\\u0442\\u0430\\u0442\\u0443\\u0441\"]}}]"}}, {"model": "admin.logentry", "pk": 86, "fields": {"action_time": "2024-02-21T10:20:00.394Z", "user": 2, "content_type": 16, "object_id": "None", "object_repr": "Закрыт", "action_flag": 1, "change_message": "[{\"added\": {}}]"}}, {"model": "admin.logentry", "pk": 87, "fields": {"action_time": "2024-02-21T10:22:25.266Z", "user": 2, "content_type": 16, "object_id": "1", "object_repr": "Закрыт", "action_flag": 2, "change_message": "[{\"changed\": {\"fields\": [\"\\u0421\\u0442\\u0430\\u0442\\u0443\\u0441\"]}}]"}}, {"model": "admin.logentry", "pk": 88, "fields": {"action_time": "2024-02-21T10:22:28.983Z", "user": 2, "content_type": 16, "object_id": "None", "object_repr": "Открыт", "action_flag": 1, "change_message": "[{\"added\": {}}]"}}, {"model": "admin.logentry", "pk": 89, "fields": {"action_time": "2024-02-21T10:22:36.980Z", "user": 2, "content_type": 16, "object_id": "1", "object_repr": "Открыт", "action_flag": 2, "change_message": "[{\"changed\": {\"fields\": [\"\\u0421\\u0442\\u0430\\u0442\\u0443\\u0441\"]}}]"}}, {"model": "admin.logentry", "pk": 90, "fields": {"action_time": "2024-02-21T10:22:41.251Z", "user": 2, "content_type": 16, "object_id": "1", "object_repr": "Открыт", "action_flag": 2, "change_message": "[]"}}, {"model": "admin.logentry", "pk": 91, "fields": {"action_time": "2024-02-21T10:34:33.295Z", "user": 2, "content_type": 16, "object_id": "1", "object_repr": "Закрыт", "action_flag": 3, "change_message": ""}}, {"model": "admin.logentry", "pk": 92, "fields": {"action_time": "2024-02-21T10:34:44.619Z", "user": 2, "content_type": 16, "object_id": "2", "object_repr": "Закрыт", "action_flag": 1, "change_message": "[{\"added\": {}}]"}}, {"model": "admin.logentry", "pk": 93, "fields": {"action_time": "2024-02-21T10:36:03.139Z", "user": 2, "content_type": 16, "object_id": "2", "object_repr": "Закрыт", "action_flag": 3, "change_message": ""}}, {"model": "admin.logentry", "pk": 94, "fields": {"action_time": "2024-02-21T10:36:26.962Z", "user": 2, "content_type": 16, "object_id": "2", "object_repr": "Закрыт", "action_flag": 3, "change_message": ""}}, {"model": "admin.logentry", "pk": 95, "fields": {"action_time": "2024-02-21T10:38:09.274Z", "user": 2, "content_type": 16, "object_id": "3", "object_repr": "Закрыт", "action_flag": 1, "change_message": "[{\"added\": {}}]"}}, {"model": "admin.logentry", "pk": 96, "fields": {"action_time": "2024-02-21T10:38:13.948Z", "user": 2, "content_type": 16, "object_id": "3", "object_repr": "Закрыт", "action_flag": 3, "change_message": ""}}, {"model": "admin.logentry", "pk": 97, "fields": {"action_time": "2024-02-21T10:38:19.249Z", "user": 2, "content_type": 16, "object_id": "3", "object_repr": "Закрыт", "action_flag": 3, "change_message": ""}}, {"model": "admin.logentry", "pk": 98, "fields": {"action_time": "2024-02-22T09:56:35.452Z", "user": 2, "content_type": 16, "object_id": "3", "object_repr": "Открыт", "action_flag": 3, "change_message": ""}}, {"model": "admin.logentry", "pk": 99, "fields": {"action_time": "2024-02-22T09:57:40.004Z", "user": 2, "content_type": 16, "object_id": "4", "object_repr": "Открыт", "action_flag": 1, "change_message": "[{\"added\": {}}]"}}, {"model": "admin.logentry", "pk": 100, "fields": {"action_time": "2024-02-22T10:03:40.841Z", "user": 2, "content_type": 15, "object_id": "26", "object_repr": "193565114 ИП Андреева Карина: 2024-02-16 08:29:51.920393+00:00", "action_flag": 2, "change_message": "[{\"changed\": {\"fields\": [\"\\u0421\\u0442\\u0430\\u0442\\u0443\\u0441\"]}}]"}}, {"model": "admin.logentry", "pk": 101, "fields": {"action_time": "2024-02-22T10:07:31.951Z", "user": 2, "content_type": 15, "object_id": "34", "object_repr": "123 alex: 2024-02-20 09:27:14.320063+00:00", "action_flag": 2, "change_message": "[]"}}, {"model": "admin.logentry", "pk": 102, "fields": {"action_time": "2024-02-23T18:54:23.478Z", "user": 2, "content_type": 11, "object_id": "1", "object_repr": "Сэндвич с курицей: 3.5 руб.", "action_flag": 2, "change_message": "[{\"changed\": {\"fields\": [\"\\u041d\\u0430\\u0437\\u0432\\u0430\\u043d\\u0438\\u0435 \\u0434\\u043b\\u044f Excel\", \"\\u041a\\u043e\\u0434 \\u0442\\u043e\\u0432\\u0430\\u0440\\u0430 \\u0434\\u043b\\u044f Excel\"]}}]"}}, {"model": "admin.logentry", "pk": 103, "fields": {"action_time": "2024-02-23T18:55:13.916Z", "user": 2, "content_type": 11, "object_id": "2", "object_repr": "Сэндвич с ветчиной: 3.5 руб.", "action_flag": 2, "change_message": "[{\"changed\": {\"fields\": [\"\\u041d\\u0430\\u0437\\u0432\\u0430\\u043d\\u0438\\u0435 \\u0434\\u043b\\u044f Excel\", \"\\u041a\\u043e\\u0434 \\u0442\\u043e\\u0432\\u0430\\u0440\\u0430 \\u0434\\u043b\\u044f Excel\"]}}]"}}, {"model": "admin.logentry", "pk": 104, "fields": {"action_time": "2024-02-23T18:55:22.271Z", "user": 2, "content_type": 11, "object_id": "3", "object_repr": "Сэндвич с беконом: 3.5 руб.", "action_flag": 2, "change_message": "[{\"changed\": {\"fields\": [\"\\u041a\\u043e\\u0434 \\u0442\\u043e\\u0432\\u0430\\u0440\\u0430 \\u0434\\u043b\\u044f Excel\"]}}]"}}, {"model": "admin.logentry", "pk": 105, "fields": {"action_time": "2024-02-23T18:55:30.834Z", "user": 2, "content_type": 11, "object_id": "4", "object_repr": "Сэндвич с рыбой: 3.6 руб.", "action_flag": 2, "change_message": "[{\"changed\": {\"fields\": [\"\\u041a\\u043e\\u0434 \\u0442\\u043e\\u0432\\u0430\\u0440\\u0430 \\u0434\\u043b\\u044f Excel\"]}}]"}}, {"model": "admin.logentry", "pk": 106, "fields": {"action_time": "2024-02-23T18:56:03.827Z", "user": 2, "content_type": 11, "object_id": "5", "object_repr": "Сэндвич сытный: 3.6 руб.", "action_flag": 2, "change_message": "[{\"changed\": {\"fields\": [\"\\u041d\\u0430\\u0437\\u0432\\u0430\\u043d\\u0438\\u0435\", \"\\u041a\\u043e\\u0434 \\u0442\\u043e\\u0432\\u0430\\u0440\\u0430 \\u0434\\u043b\\u044f Excel\"]}}]"}}, {"model": "admin.logentry", "pk": 107, "fields": {"action_time": "2024-02-23T18:56:36.430Z", "user": 2, "content_type": 11, "object_id": "6", "object_repr": "Ролл с курицей: 3.5 руб.", "action_flag": 2, "change_message": "[{\"changed\": {\"fields\": [\"\\u041a\\u043e\\u0434 \\u0442\\u043e\\u0432\\u0430\\u0440\\u0430 \\u0434\\u043b\\u044f Excel\"]}}]"}}, {"model": "admin.logentry", "pk": 108, "fields": {"action_time": "2024-02-23T18:56:44.708Z", "user": 2, "content_type": 11, "object_id": "7", "object_repr": "Ролл с ветичной: 3.5 руб.", "action_flag": 2, "change_message": "[{\"changed\": {\"fields\": [\"\\u041a\\u043e\\u0434 \\u0442\\u043e\\u0432\\u0430\\u0440\\u0430 \\u0434\\u043b\\u044f Excel\"]}}]"}}, {"model": "admin.logentry", "pk": 109, "fields": {"action_time": "2024-02-24T09:30:01.051Z", "user": 2, "content_type": 9, "object_id": "1", "object_repr": "193565114 ИП Андреева Карина", "action_flag": 2, "change_message": "[{\"added\": {\"name\": \"\\u0421\\u043f\\u0435\\u0446\\u0438\\u0430\\u043b\\u044c\\u043d\\u0430\\u044f \\u0446\\u0435\\u043d\\u0430\", \"object\": \"\\u0421\\u044d\\u043d\\u0434\\u0432\\u0438\\u0447 \\u0441 \\u0431\\u0435\\u043a\\u043e\\u043d\\u043e\\u043c: 3.5 \\u0440\\u0443\\u0431. (\\u0418\\u041f \\u0410\\u043d\\u0434\\u0440\\u0435\\u0435\\u0432\\u0430 \\u041a\\u0430\\u0440\\u0438\\u043d\\u0430)\"}}]"}}, {"model": "admin.logentry", "pk": 110, "fields": {"action_time": "2024-02-24T09:30:14.517Z", "user": 2, "content_type": 9, "object_id": "1", "object_repr": "193565114 ИП Андреева Карина", "action_flag": 2, "change_message": "[{\"deleted\": {\"name\": \"\\u0421\\u043f\\u0435\\u0446\\u0438\\u0430\\u043b\\u044c\\u043d\\u0430\\u044f \\u0446\\u0435\\u043d\\u0430\", \"object\": \"\\u0421\\u044d\\u043d\\u0434\\u0432\\u0438\\u0447 \\u0441 \\u0431\\u0435\\u043a\\u043e\\u043d\\u043e\\u043c: 3.5 \\u0440\\u0443\\u0431. (\\u0418\\u041f \\u0410\\u043d\\u0434\\u0440\\u0435\\u0435\\u0432\\u0430 \\u041a\\u0430\\u0440\\u0438\\u043d\\u0430)\"}}]"}}, {"model": "admin.logentry", "pk": 111, "fields": {"action_time": "2024-02-24T10:21:03.360Z", "user": 2, "content_type": 17, "object_id": "1", "object_repr": "Текст рассылки в свободном формате", "action_flag": 1, "change_message": "[{\"added\": {}}]"}}, {"model": "admin.logentry", "pk": 112, "fields": {"action_time": "2024-02-24T10:21:35.687Z", "user": 2, "content_type": 17, "object_id": "None", "object_repr": "lkdfnksdf", "action_flag": 1, "change_message": "[{\"added\": {}}]"}}, {"model": "admin.logentry", "pk": 113, "fields": {"action_time": "2024-02-24T10:24:28.230Z", "user": 2, "content_type": 17, "object_id": "1", "object_repr": "Текст рассылки в свободном формате", "action_flag": 3, "change_message": ""}}, {"model": "admin.logentry", "pk": 114, "fields": {"action_time": "2024-02-24T10:24:47.279Z", "user": 2, "content_type": 17, "object_id": "None", "object_repr": "Текст рассылки в свободном формате", "action_flag": 1, "change_message": "[{\"added\": {}}]"}}, {"model": "admin.logentry", "pk": 115, "fields": {"action_time": "2024-02-24T10:35:51.344Z", "user": 2, "content_type": 8, "object_id": "14", "object_repr": "Точка 1 123 alex", "action_flag": 2, "change_message": "[{\"changed\": {\"fields\": [\"\\u0412\\u0440\\u0435\\u043c\\u044f \\u0440\\u0430\\u0431\\u043e\\u0442\\u044b\"]}}]"}}, {"model": "admin.logentry", "pk": 116, "fields": {"action_time": "2024-02-24T10:45:20.150Z", "user": 2, "content_type": 15, "object_id": "34", "object_repr": "123 alex: 2024-02-20 09:27:14.320063+00:00", "action_flag": 3, "change_message": ""}}, {"model": "admin.logentry", "pk": 117, "fields": {"action_time": "2024-02-24T10:45:20.154Z", "user": 2, "content_type": 15, "object_id": "33", "object_repr": "123 alex: 2024-02-20 09:05:47.251420+00:00", "action_flag": 3, "change_message": ""}}, {"model": "admin.logentry", "pk": 118, "fields": {"action_time": "2024-02-24T10:45:20.156Z", "user": 2, "content_type": 15, "object_id": "32", "object_repr": "123 alex: 2024-02-17 12:21:50.269745+00:00", "action_flag": 3, "change_message": ""}}, {"model": "admin.logentry", "pk": 119, "fields": {"action_time": "2024-02-24T10:45:20.156Z", "user": 2, "content_type": 15, "object_id": "31", "object_repr": "123 alex: 2024-02-17 12:15:37.595389+00:00", "action_flag": 3, "change_message": ""}}, {"model": "admin.logentry", "pk": 120, "fields": {"action_time": "2024-02-26T17:11:47.400Z", "user": 2, "content_type": 8, "object_id": "15", "object_repr": "Точка 2 123 alex", "action_flag": 2, "change_message": "[]"}}, {"model": "admin.logentry", "pk": 121, "fields": {"action_time": "2024-02-29T09:15:35.930Z", "user": 2, "content_type": 8, "object_id": "1", "object_repr": "г. Минск пер. Козлова д. 25 193565114 ИП Андреева Карина", "action_flag": 2, "change_message": "[]"}}, {"model": "admin.logentry", "pk": 122, "fields": {"action_time": "2024-02-29T09:17:33.950Z", "user": 2, "content_type": 8, "object_id": "1", "object_repr": "г. Минск пер. Козлова д. 25 193565114 ИП Андреева Карина", "action_flag": 2, "change_message": "[]"}}, {"model": "admin.logentry", "pk": 123, "fields": {"action_time": "2024-02-29T09:52:45.745Z", "user": 2, "content_type": 9, "object_id": "5", "object_repr": "123 alex", "action_flag": 2, "change_message": "[{\"changed\": {\"fields\": [\"ID \\u0432 Telegram\"]}}]"}}, {"model": "admin.logentry", "pk": 124, "fields": {"action_time": "2024-02-29T10:33:01.280Z", "user": 2, "content_type": 18, "object_id": "1", "object_repr": "Debt object (1)", "action_flag": 1, "change_message": "[{\"added\": {}}]"}}, {"model": "admin.logentry", "pk": 125, "fields": {"action_time": "2024-02-29T10:34:53.887Z", "user": 2, "content_type": 18, "object_id": "1", "object_repr": "Debt object (1)", "action_flag": 3, "change_message": ""}}, {"model": "admin.logentry", "pk": 126, "fields": {"action_time": "2024-02-29T10:35:00.403Z", "user": 2, "content_type": 18, "object_id": "2", "object_repr": "Debt object (2)", "action_flag": 1, "change_message": "[{\"added\": {}}]"}}, {"model": "admin.logentry", "pk": 127, "fields": {"action_time": "2024-02-29T10:57:03.743Z", "user": 2, "content_type": 18, "object_id": "3", "object_repr": "Debt object (3)", "action_flag": 1, "change_message": "[{\"added\": {}}]"}}, {"model": "admin.logentry", "pk": 128, "fields": {"action_time": "2024-03-01T09:04:40.537Z", "user": 2, "content_type": 18, "object_id": "2", "object_repr": "Debt object (2)", "action_flag": 3, "change_message": ""}}, {"model": "admin.logentry", "pk": 129, "fields": {"action_time": "2024-03-01T09:04:56.318Z", "user": 2, "content_type": 18, "object_id": "3", "object_repr": "Debt object (3)", "action_flag": 2, "change_message": "[{\"changed\": {\"fields\": [\"\\u0421\\u0434\\u0435\\u043b\\u0430\\u0442\\u044c \\u0440\\u0430\\u0441\\u0441\\u044b\\u043b\\u043a\\u0443 \\u0441\\u0435\\u0439\\u0447\\u0430\\u0441\"]}}]"}}, {"model": "admin.logentry", "pk": 130, "fields": {"action_time": "2024-03-01T09:13:32.815Z", "user": 2, "content_type": 18, "object_id": "4", "object_repr": "Debt object (4)", "action_flag": 1, "change_message": "[{\"added\": {}}]"}}, {"model": "admin.logentry", "pk": 131, "fields": {"action_time": "2024-03-01T09:14:31.338Z", "user": 2, "content_type": 18, "object_id": "None", "object_repr": "Файл с задолженностями", "action_flag": 2, "change_message": "[{\"changed\": {\"fields\": [\"\\u0421\\u0434\\u0435\\u043b\\u0430\\u0442\\u044c \\u0440\\u0430\\u0441\\u0441\\u044b\\u043b\\u043a\\u0443 \\u0441\\u0435\\u0439\\u0447\\u0430\\u0441\"]}}]"}}, {"model": "admin.logentry", "pk": 132, "fields": {"action_time": "2024-03-02T14:32:11.896Z", "user": 2, "content_type": 15, "object_id": "29", "object_repr": "193565114 ИП Андреева Карина: 2024-02-16 09:41:14.372094+00:00", "action_flag": 2, "change_message": "[{\"changed\": {\"fields\": [\"\\u0421\\u0442\\u0430\\u0442\\u0443\\u0441\"]}}]"}}, {"model": "auth.permission", "pk": 1, "fields": {"name": "Can add log entry", "content_type": 1, "codename": "add_logentry"}}, {"model": "auth.permission", "pk": 2, "fields": {"name": "Can change log entry", "content_type": 1, "codename": "change_logentry"}}, {"model": "auth.permission", "pk": 3, "fields": {"name": "Can delete log entry", "content_type": 1, "codename": "delete_logentry"}}, {"model": "auth.permission", "pk": 4, "fields": {"name": "Can view log entry", "content_type": 1, "codename": "view_logentry"}}, {"model": "auth.permission", "pk": 5, "fields": {"name": "Can add permission", "content_type": 2, "codename": "add_permission"}}, {"model": "auth.permission", "pk": 6, "fields": {"name": "Can change permission", "content_type": 2, "codename": "change_permission"}}, {"model": "auth.permission", "pk": 7, "fields": {"name": "Can delete permission", "content_type": 2, "codename": "delete_permission"}}, {"model": "auth.permission", "pk": 8, "fields": {"name": "Can view permission", "content_type": 2, "codename": "view_permission"}}, {"model": "auth.permission", "pk": 9, "fields": {"name": "Can add group", "content_type": 3, "codename": "add_group"}}, {"model": "auth.permission", "pk": 10, "fields": {"name": "Can change group", "content_type": 3, "codename": "change_group"}}, {"model": "auth.permission", "pk": 11, "fields": {"name": "Can delete group", "content_type": 3, "codename": "delete_group"}}, {"model": "auth.permission", "pk": 12, "fields": {"name": "Can view group", "content_type": 3, "codename": "view_group"}}, {"model": "auth.permission", "pk": 13, "fields": {"name": "Can add user", "content_type": 4, "codename": "add_user"}}, {"model": "auth.permission", "pk": 14, "fields": {"name": "Can change user", "content_type": 4, "codename": "change_user"}}, {"model": "auth.permission", "pk": 15, "fields": {"name": "Can delete user", "content_type": 4, "codename": "delete_user"}}, {"model": "auth.permission", "pk": 16, "fields": {"name": "Can view user", "content_type": 4, "codename": "view_user"}}, {"model": "auth.permission", "pk": 17, "fields": {"name": "Can add content type", "content_type": 5, "codename": "add_contenttype"}}, {"model": "auth.permission", "pk": 18, "fields": {"name": "Can change content type", "content_type": 5, "codename": "change_contenttype"}}, {"model": "auth.permission", "pk": 19, "fields": {"name": "Can delete content type", "content_type": 5, "codename": "delete_contenttype"}}, {"model": "auth.permission", "pk": 20, "fields": {"name": "Can view content type", "content_type": 5, "codename": "view_contenttype"}}, {"model": "auth.permission", "pk": 21, "fields": {"name": "Can add session", "content_type": 6, "codename": "add_session"}}, {"model": "auth.permission", "pk": 22, "fields": {"name": "Can change session", "content_type": 6, "codename": "change_session"}}, {"model": "auth.permission", "pk": 23, "fields": {"name": "Can delete session", "content_type": 6, "codename": "delete_session"}}, {"model": "auth.permission", "pk": 24, "fields": {"name": "Can view session", "content_type": 6, "codename": "view_session"}}, {"model": "auth.permission", "pk": 25, "fields": {"name": "Can add Точка", "content_type": 7, "codename": "add_employee"}}, {"model": "auth.permission", "pk": 26, "fields": {"name": "Can change Точка", "content_type": 7, "codename": "change_employee"}}, {"model": "auth.permission", "pk": 27, "fields": {"name": "Can delete Точка", "content_type": 7, "codename": "delete_employee"}}, {"model": "auth.permission", "pk": 28, "fields": {"name": "Can view Точка", "content_type": 7, "codename": "view_employee"}}, {"model": "auth.permission", "pk": 29, "fields": {"name": "Can add Точка", "content_type": 8, "codename": "add_point"}}, {"model": "auth.permission", "pk": 30, "fields": {"name": "Can change Точка", "content_type": 8, "codename": "change_point"}}, {"model": "auth.permission", "pk": 31, "fields": {"name": "Can delete Точка", "content_type": 8, "codename": "delete_point"}}, {"model": "auth.permission", "pk": 32, "fields": {"name": "Can view Точка", "content_type": 8, "codename": "view_point"}}, {"model": "auth.permission", "pk": 33, "fields": {"name": "Can add Владелец", "content_type": 9, "codename": "add_owner"}}, {"model": "auth.permission", "pk": 34, "fields": {"name": "Can change Владелец", "content_type": 9, "codename": "change_owner"}}, {"model": "auth.permission", "pk": 35, "fields": {"name": "Can delete Владелец", "content_type": 9, "codename": "delete_owner"}}, {"model": "auth.permission", "pk": 36, "fields": {"name": "Can view Владелец", "content_type": 9, "codename": "view_owner"}}, {"model": "auth.permission", "pk": 37, "fields": {"name": "Can add Заявка", "content_type": 10, "codename": "add_application"}}, {"model": "auth.permission", "pk": 38, "fields": {"name": "Can change Заявка", "content_type": 10, "codename": "change_application"}}, {"model": "auth.permission", "pk": 39, "fields": {"name": "Can delete Заявка", "content_type": 10, "codename": "delete_application"}}, {"model": "auth.permission", "pk": 40, "fields": {"name": "Can view Заявка", "content_type": 10, "codename": "view_application"}}, {"model": "auth.permission", "pk": 41, "fields": {"name": "Can add Продукт", "content_type": 11, "codename": "add_product"}}, {"model": "auth.permission", "pk": 42, "fields": {"name": "Can change Продукт", "content_type": 11, "codename": "change_product"}}, {"model": "auth.permission", "pk": 43, "fields": {"name": "Can delete Продукт", "content_type": 11, "codename": "delete_product"}}, {"model": "auth.permission", "pk": 44, "fields": {"name": "Can view Продукт", "content_type": 11, "codename": "view_product"}}, {"model": "auth.permission", "pk": 45, "fields": {"name": "Can add Специальная цена", "content_type": 12, "codename": "add_specialprice"}}, {"model": "auth.permission", "pk": 46, "fields": {"name": "Can change Специальная цена", "content_type": 12, "codename": "change_specialprice"}}, {"model": "auth.permission", "pk": 47, "fields": {"name": "Can delete Специальная цена", "content_type": 12, "codename": "delete_specialprice"}}, {"model": "auth.permission", "pk": 48, "fields": {"name": "Can view Специальная цена", "content_type": 12, "codename": "view_specialprice"}}, {"model": "auth.permission", "pk": 49, "fields": {"name": "Can add Тип продукции", "content_type": 13, "codename": "add_producttype"}}, {"model": "auth.permission", "pk": 50, "fields": {"name": "Can change Тип продукции", "content_type": 13, "codename": "change_producttype"}}, {"model": "auth.permission", "pk": 51, "fields": {"name": "Can delete Тип продукции", "content_type": 13, "codename": "delete_producttype"}}, {"model": "auth.permission", "pk": 52, "fields": {"name": "Can view Тип продукции", "content_type": 13, "codename": "view_producttype"}}, {"model": "auth.permission", "pk": 53, "fields": {"name": "Can add Элемент заказа", "content_type": 14, "codename": "add_orderitem"}}, {"model": "auth.permission", "pk": 54, "fields": {"name": "Can change Элемент заказа", "content_type": 14, "codename": "change_orderitem"}}, {"model": "auth.permission", "pk": 55, "fields": {"name": "Can delete Элемент заказа", "content_type": 14, "codename": "delete_orderitem"}}, {"model": "auth.permission", "pk": 56, "fields": {"name": "Can view Элемент заказа", "content_type": 14, "codename": "view_orderitem"}}, {"model": "auth.permission", "pk": 57, "fields": {"name": "Can add Заказ", "content_type": 15, "codename": "add_order"}}, {"model": "auth.permission", "pk": 58, "fields": {"name": "Can change Заказ", "content_type": 15, "codename": "change_order"}}, {"model": "auth.permission", "pk": 59, "fields": {"name": "Can delete Заказ", "content_type": 15, "codename": "delete_order"}}, {"model": "auth.permission", "pk": 60, "fields": {"name": "Can view Заказ", "content_type": 15, "codename": "view_order"}}, {"model": "auth.permission", "pk": 61, "fields": {"name": "Can add Прием заказов", "content_type": 16, "codename": "add_orderacceptance"}}, {"model": "auth.permission", "pk": 62, "fields": {"name": "Can change Прием заказов", "content_type": 16, "codename": "change_orderacceptance"}}, {"model": "auth.permission", "pk": 63, "fields": {"name": "Can delete Прием заказов", "content_type": 16, "codename": "delete_orderacceptance"}}, {"model": "auth.permission", "pk": 64, "fields": {"name": "Can view Прием заказов", "content_type": 16, "codename": "view_orderacceptance"}}, {"model": "auth.permission", "pk": 65, "fields": {"name": "Can add Рассылка", "content_type": 17, "codename": "add_mailing"}}, {"model": "auth.permission", "pk": 66, "fields": {"name": "Can change Рассылка", "content_type": 17, "codename": "change_mailing"}}, {"model": "auth.permission", "pk": 67, "fields": {"name": "Can delete Рассылка", "content_type": 17, "codename": "delete_mailing"}}, {"model": "auth.permission", "pk": 68, "fields": {"name": "Can view Рассылка", "content_type": 17, "codename": "view_mailing"}}, {"model": "auth.permission", "pk": 69, "fields": {"name": "Can add Долги", "content_type": 18, "codename": "add_debt"}}, {"model": "auth.permission", "pk": 70, "fields": {"name": "Can change Долги", "content_type": 18, "codename": "change_debt"}}, {"model": "auth.permission", "pk": 71, "fields": {"name": "Can delete Долги", "content_type": 18, "codename": "delete_debt"}}, {"model": "auth.permission", "pk": 72, "fields": {"name": "Can view Долги", "content_type": 18, "codename": "view_debt"}}, {"model": "auth.user", "pk": 1, "fields": {"password": "pbkdf2_sha256$720000$e1D0IoHybvpL8rSNvZkqMQ$aOo0E26zZ8GId+K8eRE1yUXCSLK2aJkVX2PN0rAFd7A=", "last_login": null, "is_superuser": true, "username": "a", "first_name": "", "last_name": "", "email": "", "is_staff": true, "is_active": true, "date_joined": "2024-01-18T11:12:15.574Z", "groups": [], "user_permissions": []}}, {"model": "auth.user", "pk": 2, "fields": {"password": "pbkdf2_sha256$720000$K4mku9pd3c4c6wUsz02lnX$IfLOZGDMfiWuzox9TiqT/T9TcziWhbLqK0eQFB2+AT4=", "last_login": "2024-02-28T12:45:47.232Z", "is_superuser": true, "username": "admin", "first_name": "", "last_name": "", "email": "", "is_staff": true, "is_active": true, "date_joined": "2024-02-07T11:07:53.137Z", "groups": [], "user_permissions": []}}, {"model": "contenttypes.contenttype", "pk": 1, "fields": {"app_label": "admin", "model": "logentry"}}, {"model": "contenttypes.contenttype", "pk": 2, "fields": {"app_label": "auth", "model": "permission"}}, {"model": "contenttypes.contenttype", "pk": 3, "fields": {"app_label": "auth", "model": "group"}}, {"model": "contenttypes.contenttype", "pk": 4, "fields": {"app_label": "auth", "model": "user"}}, {"model": "contenttypes.contenttype", "pk": 5, "fields": {"app_label": "contenttypes", "model": "contenttype"}}, {"model": "contenttypes.contenttype", "pk": 6, "fields": {"app_label": "sessions", "model": "session"}}, {"model": "contenttypes.contenttype", "pk": 7, "fields": {"app_label": "accounts", "model": "employee"}}, {"model": "contenttypes.contenttype", "pk": 8, "fields": {"app_label": "accounts", "model": "point"}}, {"model": "contenttypes.contenttype", "pk": 9, "fields": {"app_label": "accounts", "model": "owner"}}, {"model": "contenttypes.contenttype", "pk": 10, "fields": {"app_label": "accounts", "model": "application"}}, {"model": "contenttypes.contenttype", "pk": 11, "fields": {"app_label": "orders", "model": "product"}}, {"model": "contenttypes.contenttype", "pk": 12, "fields": {"app_label": "orders", "model": "specialprice"}}, {"model": "contenttypes.contenttype", "pk": 13, "fields": {"app_label": "orders", "model": "producttype"}}, {"model": "contenttypes.contenttype", "pk": 14, "fields": {"app_label": "orders", "model": "orderitem"}}, {"model": "contenttypes.contenttype", "pk": 15, "fields": {"app_label": "orders", "model": "order"}}, {"model": "contenttypes.contenttype", "pk": 16, "fields": {"app_label": "orders", "model": "orderacceptance"}}, {"model": "contenttypes.contenttype", "pk": 17, "fields": {"app_label": "mailing", "model": "mailing"}}, {"model": "contenttypes.contenttype", "pk": 18, "fields": {"app_label": "mailing", "model": "debt"}}, {"model": "sessions.session", "pk": "1omf2pj1ha75l0p7huktnf5axkktn65k", "fields": {"session_data": ".eJxVjDsOwjAQBe_iGllZx14wJT1nsPbj4ABypDipEHeHSCmgfTPzXibRupS0tjynUc3ZOHP43ZjkkesG9E71NlmZ6jKPbDfF7rTZ66T5edndv4NCrXxrgIBHRIwKil1QH0LvmCL4jsSx117IE6FwoMjegRtCpozAEv2JB_P-AMWPN-o:1rfJJj:NB9_LLJjzfGGSgU6SYyRCxuO2UNU3jQmtjfw_22RtQs", "expire_date": "2024-03-13T12:45:47.233Z"}}, {"model": "sessions.session", "pk": "8c17ooh9jupigmzntk082zgacebn43rh", "fields": {"session_data": ".eJxVjDsOwjAQBe_iGllZx14wJT1nsPbj4ABypDipEHeHSCmgfTPzXibRupS0tjynUc3ZOHP43ZjkkesG9E71NlmZ6jKPbDfF7rTZ66T5edndv4NCrXxrgIBHRIwKil1QH0LvmCL4jsSx117IE6FwoMjegRtCpozAEv2JB_P-AMWPN-o:1rXfmd:q-Hbm1jic87aCgK0S7MRE0a9xmF34YNr1W8M2p9uhnU", "expire_date": "2024-02-21T11:08:03.619Z"}}, {"model": "sessions.session", "pk": "8lxjuzb64frift3cg6g214lztdnvznkd", "fields": {"session_data": ".eJxVjDsOwjAQBe_iGllZx14wJT1nsPbj4ABypDipEHeHSCmgfTPzXibRupS0tjynUc3ZOHP43ZjkkesG9E71NlmZ6jKPbDfF7rTZ66T5edndv4NCrXxrgIBHRIwKil1QH0LvmCL4jsSx117IE6FwoMjegRtCpozAEv2JB_P-AMWPN-o:1rbJOL:ApsToebuKyXVT0Fcpa3YmMYm026B1EvoN90yvRW-wsA", "expire_date": "2024-03-02T12:02:01.586Z"}}, {"model": "sessions.session", "pk": "h0jwhfvlj0qnab89hgvgraify9xbi4w6", "fields": {"session_data": ".eJxVjDsOwjAQBe_iGllZx14wJT1nsPbj4ABypDipEHeHSCmgfTPzXibRupS0tjynUc3ZOHP43ZjkkesG9E71NlmZ6jKPbDfF7rTZ66T5edndv4NCrXxrgIBHRIwKil1QH0LvmCL4jsSx117IE6FwoMjegRtCpozAEv2JB_P-AMWPN-o:1raBQX:pNHQBpeluK15YQN_QqN3b_6gr_spy3V12CfBIp7PxnU", "expire_date": "2024-02-28T09:19:37.680Z"}}, {"model": "sessions.session", "pk": "h4ntn9jais7bxnf7ddt9ik2247ghqymr", "fields": {"session_data": ".eJxVjDsOwjAQBe_iGllZx14wJT1nsPbj4ABypDipEHeHSCmgfTPzXibRupS0tjynUc3ZOHP43ZjkkesG9E71NlmZ6jKPbDfF7rTZ66T5edndv4NCrXxrgIBHRIwKil1QH0LvmCL4jsSx117IE6FwoMjegRtCpozAEv2JB_P-AMWPN-o:1rYoxZ:aQDfmCGK5acwQHgnmgxCkg2uNJaHtvXp4dC6nJ1GSiQ", "expire_date": "2024-02-24T15:08:05.716Z"}}, {"model": "sessions.session", "pk": "qm0ftt7v7dk2eq1fiacr8tgo0ltk4plj", "fields": {"session_data": ".eJxVjDsOwjAQBe_iGllZx14wJT1nsPbj4ABypDipEHeHSCmgfTPzXibRupS0tjynUc3ZOHP43ZjkkesG9E71NlmZ6jKPbDfF7rTZ66T5edndv4NCrXxrgIBHRIwKil1QH0LvmCL4jsSx117IE6FwoMjegRtCpozAEv2JB_P-AMWPN-o:1rZSZQ:LpFAJdYtfEwmmqGDgCky6gj8shkRO6yvIhX9-gR19jE", "expire_date": "2024-02-26T09:25:48.606Z"}}, {"model": "sessions.session", "pk": "rt9v4la8kucrreejaqepcyh0pu9sajnv", "fields": {"session_data": ".eJxVjDsOwjAQBe_iGllZx14wJT1nsPbj4ABypDipEHeHSCmgfTPzXibRupS0tjynUc3ZOHP43ZjkkesG9E71NlmZ6jKPbDfF7rTZ66T5edndv4NCrXxrgIBHRIwKil1QH0LvmCL4jsSx117IE6FwoMjegRtCpozAEv2JB_P-AMWPN-o:1rcMEK:_TlPM_JoGo_vs5WjGlw8BUfaXbQTcDGfkoRJWN6A0jI", "expire_date": "2024-03-05T09:16:00.556Z"}}, {"model": "sessions.session", "pk": "t71kdtzhq7158yh4tf6d323z16v4vi11", "fields": {"session_data": ".eJxVjDsOwjAQBe_iGllZx14wJT1nsPbj4ABypDipEHeHSCmgfTPzXibRupS0tjynUc3ZOHP43ZjkkesG9E71NlmZ6jKPbDfF7rTZ66T5edndv4NCrXxrgIBHRIwKil1QH0LvmCL4jsSx117IE6FwoMjegRtCpozAEv2JB_P-AMWPN-o:1rc0IH:LzCl1BDBVOMvCPzFGwdnNTIWFjk49D8gubEVgLAGaFA", "expire_date": "2024-03-04T09:50:37.516Z"}}, {"model": "sessions.session", "pk": "vmeworxw1w5fgsthcagwwdog65i4mmik", "fields": {"session_data": ".eJxVjDsOwjAQBe_iGllZx14wJT1nsPbj4ABypDipEHeHSCmgfTPzXibRupS0tjynUc3ZOHP43ZjkkesG9E71NlmZ6jKPbDfF7rTZ66T5edndv4NCrXxrgIBHRIwKil1QH0LvmCL4jsSx117IE6FwoMjegRtCpozAEv2JB_P-AMWPN-o:1redzD:nwftN3JErOmF7c84Yojo0urfM7vZt2ZhXQuJ2DLiUos", "expire_date": "2024-03-11T16:37:51.501Z"}}, {"model": "sessions.session", "pk": "yceqz7j2s6xrm2laio1a0icniyoy0pl2", "fields": {"session_data": ".eJxVjDsOwjAQBe_iGllZx14wJT1nsPbj4ABypDipEHeHSCmgfTPzXibRupS0tjynUc3ZOHP43ZjkkesG9E71NlmZ6jKPbDfF7rTZ66T5edndv4NCrXxrgIBHRIwKil1QH0LvmCL4jsSx117IE6FwoMjegRtCpozAEv2JB_P-AMWPN-o:1raYJz:NlsCTYf3xk-uLe6nFdOfixwyn5NRMwjTmw_tr5SOhN4", "expire_date": "2024-02-29T09:46:23.714Z"}}, {"model": "accounts.owner", "pk": 1, "fields": {"unp": "193565114", "fio": "ИП Андреева Карина", "tg_id": "1234", "phone": "375 29 12-60-000", "created_at": "2024-02-08T09:23:15.650Z", "has_notifications": true, "is_active": true, "pickup": false}}, {"model": "accounts.owner", "pk": 5, "fields": {"unp": "123", "fio": "alex", "tg_id": "625855750", "phone": "375", "created_at": "2024-02-17T12:08:24.352Z", "has_notifications": true, "is_active": true, "pickup": true}}, {"model": "accounts.owner", "pk": 126018, "fields": {"unp": "193213093", "fio": "БестЯмико", "tg_id": null, "phone": "29123456", "created_at": "2024-03-02T14:14:33.918Z", "has_notifications": true, "is_active": true, "pickup": false}}, {"model": "accounts.owner", "pk": 126019, "fields": {"unp": "693172158", "fio": "ИП Аллахвердиева сыр", "tg_id": null, "phone": "29123455", "created_at": "2024-03-02T14:18:10.364Z", "has_notifications": true, "is_active": true, "pickup": false}}, {"model": "accounts.owner", "pk": 126020, "fields": {"unp": "193165061", "fio": "ИП Бабайка М.И.", "tg_id": null, "phone": "29123454", "created_at": "2024-03-02T14:18:10.366Z", "has_notifications": true, "is_active": true, "pickup": false}}, {"model": "accounts.owner", "pk": 126021, "fields": {"unp": "693301346", "fio": "ИП Барташ А.А.", "tg_id": null, "phone": "29123453", "created_at": "2024-03-02T14:18:10.367Z", "has_notifications": true, "is_active": true, "pickup": false}}, {"model": "accounts.owner", "pk": 126022, "fields": {"unp": "692116857", "fio": "ИП Батурчик Ю.В", "tg_id": null, "phone": "29123452", "created_at": "2024-03-02T14:18:10.369Z", "has_notifications": true, "is_active": true, "pickup": false}}, {"model": "accounts.owner", "pk": 126023, "fields": {"unp": "192840848", "fio": "ИП Боскин А.С", "tg_id": null, "phone": "29123451", "created_at": "2024-03-02T14:18:10.371Z", "has_notifications": true, "is_active": true, "pickup": false}}, {"model": "accounts.owner", "pk": 126024, "fields": {"unp": "192710676", "fio": "ИП Бовшис Роберт", "tg_id": null, "phone": "29123450", "created_at": "2024-03-02T14:18:10.372Z", "has_notifications": true, "is_active": true, "pickup": false}}, {"model": "accounts.owner", "pk": 126025, "fields": {"unp": "692202855", "fio": "ИП Борозна М.О", "tg_id": null, "phone": "2912345", "created_at": "2024-03-02T14:18:10.373Z", "has_notifications": true, "is_active": true, "pickup": false}}, {"model": "accounts.owner", "pk": 126026, "fields": {"unp": "692179354", "fio": "ИП Буйко ", "tg_id": null, "phone": "2912344", "created_at": "2024-03-02T14:18:10.375Z", "has_notifications": true, "is_active": true, "pickup": false}}, {"model": "accounts.owner", "pk": 126027, "fields": {"unp": "691644954", "fio": "ИП Быстрия В.И", "tg_id": null, "phone": "2912343", "created_at": "2024-03-02T14:18:10.376Z", "has_notifications": true, "is_active": true, "pickup": false}}, {"model": "accounts.owner", "pk": 126028, "fields": {"unp": "193689466", "fio": "БЕСТ КОФЕ АНЛИМИТЕД", "tg_id": null, "phone": "29123442", "created_at": "2024-03-02T14:18:10.377Z", "has_notifications": true, "is_active": true, "pickup": false}}, {"model": "accounts.owner", "pk": 126029, "fields": {"unp": "690665640", "fio": "Бинокор", "tg_id": null, "phone": "29123", "created_at": "2024-03-02T14:18:10.378Z", "has_notifications": true, "is_active": true, "pickup": false}}, {"model": "accounts.owner", "pk": 126030, "fields": {"unp": "193510246", "fio": "Юта Консалт, ООО", "tg_id": null, "phone": "291", "created_at": "2024-03-02T14:18:10.380Z", "has_notifications": true, "is_active": true, "pickup": false}}, {"model": "accounts.owner", "pk": 126031, "fields": {"unp": "100057174", "fio": "Гетман", "tg_id": null, "phone": "29", "created_at": "2024-03-02T14:18:10.381Z", "has_notifications": true, "is_active": true, "pickup": false}}, {"model": "accounts.owner", "pk": 126032, "fields": {"unp": "193593701", "fio": "ГолдФ", "tg_id": null, "phone": "2", "created_at": "2024-03-02T14:18:10.382Z", "has_notifications": true, "is_active": true, "pickup": false}}, {"model": "accounts.point", "pk": 1, "fields": {"owner": 1, "address": "г. Минск пер. Козлова д. 25", "working_hours": null}}, {"model": "accounts.point", "pk": 14, "fields": {"owner": 5, "address": "Точка 1", "working_hours": "9:00-22:00"}}, {"model": "accounts.point", "pk": 15, "fields": {"owner": 5, "address": "Точка 2", "working_hours": "12-20"}}, {"model": "orders.producttype", "pk": 1, "fields": {"name": "Сэндвичи"}}, {"model": "orders.producttype", "pk": 2, "fields": {"name": "Роллы"}}, {"model": "orders.product", "pk": 1, "fields": {"product_type": 1, "name": "Сэндвич с курицей", "price": 3.5, "excel_name": "Кур", "excel_code": "000000039"}}, {"model": "orders.product", "pk": 2, "fields": {"product_type": 1, "name": "Сэндвич с ветчиной", "price": 3.5, "excel_name": "Вет", "excel_code": "000000036"}}, {"model": "orders.product", "pk": 3, "fields": {"product_type": 1, "name": "Сэндвич с беконом", "price": 3.5, "excel_name": "1", "excel_code": "000000280"}}, {"model": "orders.product", "pk": 4, "fields": {"product_type": 1, "name": "Сэндвич с рыбой", "price": 3.6, "excel_name": "1", "excel_code": "000000038"}}, {"model": "orders.product", "pk": 5, "fields": {"product_type": 1, "name": "Сэндвич сытный", "price": 3.6, "excel_name": "1", "excel_code": "000000397"}}, {"model": "orders.product", "pk": 6, "fields": {"product_type": 2, "name": "Ролл с курицей", "price": 3.5, "excel_name": "1", "excel_code": "000000245"}}, {"model": "orders.product", "pk": 7, "fields": {"product_type": 2, "name": "Ролл с ветичной", "price": 3.5, "excel_name": "1", "excel_code": "000000246"}}, {"model": "orders.specialprice", "pk": 3, "fields": {"owner": 1, "product": 3, "price": 3.3}}, {"model": "orders.order", "pk": 26, "fields": {"owner": 1, "employee": null, "point": null, "created_at": "2024-02-16T08:29:51.920Z", "pickup": true, "status": "CO"}}, {"model": "orders.order", "pk": 27, "fields": {"owner": 1, "employee": null, "point": 1, "created_at": "2024-02-16T08:30:06.781Z", "pickup": false, "status": "CO"}}, {"model": "orders.order", "pk": 28, "fields": {"owner": 1, "employee": null, "point": 1, "created_at": "2024-02-16T08:33:59.920Z", "pickup": false, "status": "CO"}}, {"model": "orders.order", "pk": 29, "fields": {"owner": 1, "employee": null, "point": 1, "created_at": "2024-02-16T09:41:14.372Z", "pickup": false, "status": "CO"}}, {"model": "orders.order", "pk": 30, "fields": {"owner": 1, "employee": null, "point": 1, "created_at": "2024-02-17T11:49:45.746Z", "pickup": false, "status": "AC"}}, {"model": "orders.order", "pk": 35, "fields": {"owner": 5, "employee": null, "point": 14, "created_at": "2024-02-24T11:15:40.835Z", "pickup": false, "status": "CR"}}, {"model": "orders.order", "pk": 36, "fields": {"owner": 5, "employee": null, "point": null, "created_at": "2024-02-24T11:35:01.676Z", "pickup": true, "status": "CR"}}, {"model": "orders.order", "pk": 37, "fields": {"owner": 5, "employee": null, "point": 15, "created_at": "2024-02-24T11:35:40.555Z", "pickup": false, "status": "CR"}}, {"model": "orders.orderitem", "pk": 34, "fields": {"order": 26, "product": 1, "count": 2}}, {"model": "orders.orderitem", "pk": 35, "fields": {"order": 27, "product": 3, "count": 1}}, {"model": "orders.orderitem", "pk": 36, "fields": {"order": 28, "product": 1, "count": 2}}, {"model": "orders.orderitem", "pk": 37, "fields": {"order": 29, "product": 1, "count": 6}}, {"model": "orders.orderitem", "pk": 38, "fields": {"order": 30, "product": 3, "count": 5}}, {"model": "orders.orderitem", "pk": 48, "fields": {"order": 35, "product": 1, "count": 5}}, {"model": "orders.orderitem", "pk": 49, "fields": {"order": 35, "product": 2, "count": 2}}, {"model": "orders.orderitem", "pk": 50, "fields": {"order": 35, "product": 3, "count": 3}}, {"model": "orders.orderitem", "pk": 51, "fields": {"order": 35, "product": 4, "count": 2}}, {"model": "orders.orderitem", "pk": 52, "fields": {"order": 36, "product": 1, "count": 2}}, {"model": "orders.orderitem", "pk": 53, "fields": {"order": 37, "product": 1, "count": 2}}, {"model": "orders.orderitem", "pk": 54, "fields": {"order": 37, "product": 2, "count": 2}}, {"model": "orders.orderacceptance", "pk": 4, "fields": {"status": "OP"}}]