[{"model": "admin.logentry", "pk": 1, "fields": {"action_time": "2024-03-06T08:50:44.625Z", "user": 1, "content_type": 16, "object_id": "None", "object_repr": "test", "action_flag": 1, "change_message": "[{\"added\": {}}]"}}, {"model": "admin.logentry", "pk": 2, "fields": {"action_time": "2024-03-07T07:40:20.272Z", "user": 1, "content_type": 16, "object_id": "None", "object_repr": "test", "action_flag": 1, "change_message": "[{\"added\": {}}]"}}, {"model": "admin.logentry", "pk": 3, "fields": {"action_time": "2024-03-07T07:41:59.229Z", "user": 1, "content_type": 7, "object_id": "5", "object_repr": "123 alex", "action_flag": 2, "change_message": "[{\"changed\": {\"fields\": [\"ID \\u0432 Telegram\"]}}]"}}, {"model": "admin.logentry", "pk": 4, "fields": {"action_time": "2024-03-07T07:49:32.569Z", "user": 1, "content_type": 9, "object_id": "1", "object_repr": "123 сотрудник 1", "action_flag": 1, "change_message": "[{\"added\": {}}]"}}, {"model": "admin.logentry", "pk": 5, "fields": {"action_time": "2024-03-14T09:14:47.393Z", "user": 1, "content_type": 13, "object_id": "38", "object_repr": "123 alex: 2024-03-07 07:46:17.672140+00:00", "action_flag": 3, "change_message": ""}}, {"model": "admin.logentry", "pk": 6, "fields": {"action_time": "2024-03-14T09:14:47.396Z", "user": 1, "content_type": 13, "object_id": "37", "object_repr": "123 alex: 2024-02-24 11:35:40.555000+00:00", "action_flag": 3, "change_message": ""}}, {"model": "admin.logentry", "pk": 7, "fields": {"action_time": "2024-03-14T09:14:47.398Z", "user": 1, "content_type": 13, "object_id": "36", "object_repr": "123 alex: 2024-02-24 11:35:01.676000+00:00", "action_flag": 3, "change_message": ""}}, {"model": "admin.logentry", "pk": 8, "fields": {"action_time": "2024-03-14T09:14:47.399Z", "user": 1, "content_type": 13, "object_id": "35", "object_repr": "123 alex: 2024-02-24 11:15:40.835000+00:00", "action_flag": 3, "change_message": ""}}, {"model": "admin.logentry", "pk": 9, "fields": {"action_time": "2024-03-14T09:16:26.353Z", "user": 1, "content_type": 13, "object_id": "26", "object_repr": "193565114 ИП Андреева Карина: 2024-02-16 08:29:51.920000+00:00", "action_flag": 2, "change_message": "[{\"changed\": {\"fields\": [\"\\u0421\\u0442\\u0430\\u0442\\u0443\\u0441\"]}}]"}}, {"model": "admin.logentry", "pk": 10, "fields": {"action_time": "2024-03-14T09:16:33.298Z", "user": 1, "content_type": 13, "object_id": "27", "object_repr": "193565114 ИП Андреева Карина: 2024-02-16 08:30:06.781000+00:00", "action_flag": 2, "change_message": "[{\"changed\": {\"fields\": [\"\\u0421\\u0442\\u0430\\u0442\\u0443\\u0441\"]}}]"}}, {"model": "admin.logentry", "pk": 11, "fields": {"action_time": "2024-03-14T09:16:39.988Z", "user": 1, "content_type": 13, "object_id": "28", "object_repr": "193565114 ИП Андреева Карина: 2024-02-16 08:33:59.920000+00:00", "action_flag": 2, "change_message": "[{\"changed\": {\"fields\": [\"\\u0421\\u0442\\u0430\\u0442\\u0443\\u0441\"]}}]"}}, {"model": "admin.logentry", "pk": 12, "fields": {"action_time": "2024-03-14T09:16:44.183Z", "user": 1, "content_type": 13, "object_id": "29", "object_repr": "193565114 ИП Андреева Карина: 2024-02-16 09:41:14.372000+00:00", "action_flag": 2, "change_message": "[{\"changed\": {\"fields\": [\"\\u0421\\u0442\\u0430\\u0442\\u0443\\u0441\"]}}]"}}, {"model": "admin.logentry", "pk": 13, "fields": {"action_time": "2024-03-14T09:16:58.266Z", "user": 1, "content_type": 13, "object_id": "30", "object_repr": "193565114 ИП Андреева Карина: 2024-02-17 11:49:45.746000+00:00", "action_flag": 2, "change_message": "[{\"changed\": {\"fields\": [\"\\u0421\\u0442\\u0430\\u0442\\u0443\\u0441\"]}}]"}}, {"model": "admin.logentry", "pk": 14, "fields": {"action_time": "2024-03-14T10:32:16.620Z", "user": 1, "content_type": 7, "object_id": "5", "object_repr": "123 alex", "action_flag": 2, "change_message": "[{\"changed\": {\"fields\": [\"\\u0420\\u0430\\u0437\\u0440\\u0435\\u0448\\u0438\\u0442\\u044c \\u0441\\u0430\\u043c\\u043e\\u0432\\u044b\\u0432\\u043e\\u0437\"]}}]"}}, {"model": "admin.logentry", "pk": 15, "fields": {"action_time": "2024-03-14T17:37:56.381Z", "user": 1, "content_type": 7, "object_id": "5", "object_repr": "123 alex", "action_flag": 2, "change_message": "[{\"changed\": {\"fields\": [\"\\u0420\\u0430\\u0437\\u0440\\u0435\\u0448\\u0438\\u0442\\u044c \\u0441\\u0430\\u043c\\u043e\\u0432\\u044b\\u0432\\u043e\\u0437\"]}}]"}}, {"model": "admin.logentry", "pk": 16, "fields": {"action_time": "2024-03-14T17:38:03.554Z", "user": 1, "content_type": 13, "object_id": "40", "object_repr": "123 alex: 2024-03-14 10:30:11.021954+00:00", "action_flag": 3, "change_message": ""}}, {"model": "admin.logentry", "pk": 17, "fields": {"action_time": "2024-03-14T17:38:03.561Z", "user": 1, "content_type": 13, "object_id": "39", "object_repr": "123 alex: 2024-03-14 09:13:20.988345+00:00", "action_flag": 3, "change_message": ""}}, {"model": "admin.logentry", "pk": 18, "fields": {"action_time": "2024-03-14T17:46:44.604Z", "user": 1, "content_type": 7, "object_id": "5", "object_repr": "123 alex", "action_flag": 2, "change_message": "[{\"changed\": {\"fields\": [\"\\u041f\\u043e\\u043d\\u0438\\u0437\\u0438\\u0442\\u044c \\u043b\\u0438\\u043c\\u0438\\u0442 \\u0432 \\u0437\\u0430\\u043a\\u0430\\u0437\\u0435 \\u0434\\u043e 10 \\u0448\\u0442.\"]}}]"}}, {"model": "admin.logentry", "pk": 19, "fields": {"action_time": "2024-03-15T09:33:31.999Z", "user": 1, "content_type": 10, "object_id": "3", "object_repr": "Блины", "action_flag": 1, "change_message": "[{\"added\": {}}]"}}, {"model": "admin.logentry", "pk": 20, "fields": {"action_time": "2024-03-15T09:36:46.278Z", "user": 1, "content_type": 11, "object_id": "8", "object_repr": "Блины с курицей: 3.5 руб.", "action_flag": 1, "change_message": "[{\"added\": {}}]"}}, {"model": "admin.logentry", "pk": 21, "fields": {"action_time": "2024-03-16T16:26:01.022Z", "user": 1, "content_type": 11, "object_id": "9", "object_repr": "Сэндвич гавайский: 3.5 руб.", "action_flag": 1, "change_message": "[{\"added\": {}}]"}}, {"model": "admin.logentry", "pk": 22, "fields": {"action_time": "2024-03-16T16:27:08.497Z", "user": 1, "content_type": 11, "object_id": "10", "object_repr": "Р сос: 3.5 руб.", "action_flag": 1, "change_message": "[{\"added\": {}}]"}}, {"model": "admin.logentry", "pk": 23, "fields": {"action_time": "2024-03-16T16:27:42.056Z", "user": 1, "content_type": 11, "object_id": "11", "object_repr": "Ролл пикантный: 3.5 руб.", "action_flag": 1, "change_message": "[{\"added\": {}}]"}}, {"model": "admin.logentry", "pk": 24, "fields": {"action_time": "2024-03-16T16:28:35.716Z", "user": 1, "content_type": 11, "object_id": "12", "object_repr": "Блины с ветчиной: 3.5 руб.", "action_flag": 1, "change_message": "[{\"added\": {}}]"}}, {"model": "admin.logentry", "pk": 25, "fields": {"action_time": "2024-03-16T16:28:58.888Z", "user": 1, "content_type": 11, "object_id": "13", "object_repr": "Блины с рыбой: 3.5 руб.", "action_flag": 1, "change_message": "[{\"added\": {}}]"}}, {"model": "admin.logentry", "pk": 26, "fields": {"action_time": "2024-03-16T16:29:21.452Z", "user": 1, "content_type": 11, "object_id": "14", "object_repr": "Блины со сгущенкой: 3.5 руб.", "action_flag": 1, "change_message": "[{\"added\": {}}]"}}, {"model": "admin.logentry", "pk": 27, "fields": {"action_time": "2024-03-16T16:29:49.073Z", "user": 1, "content_type": 11, "object_id": "15", "object_repr": "Блины с творогом: 3.5 руб.", "action_flag": 1, "change_message": "[{\"added\": {}}]"}}, {"model": "admin.logentry", "pk": 28, "fields": {"action_time": "2024-03-16T16:30:02.492Z", "user": 1, "content_type": 11, "object_id": "16", "object_repr": "Блины с джемом: 3.5 руб.", "action_flag": 1, "change_message": "[{\"added\": {}}]"}}, {"model": "admin.logentry", "pk": 29, "fields": {"action_time": "2024-03-20T10:04:42.015Z", "user": 1, "content_type": 13, "object_id": "44", "object_repr": "123 alex: 2024-03-19 07:21:20.559485+00:00", "action_flag": 3, "change_message": ""}}, {"model": "admin.logentry", "pk": 30, "fields": {"action_time": "2024-03-20T10:04:42.025Z", "user": 1, "content_type": 13, "object_id": "43", "object_repr": "123 alex: 2024-03-19 06:40:17.031435+00:00", "action_flag": 3, "change_message": ""}}, {"model": "admin.logentry", "pk": 31, "fields": {"action_time": "2024-03-20T10:04:42.027Z", "user": 1, "content_type": 13, "object_id": "42", "object_repr": "123 alex: 2024-03-14 17:47:32.387000+00:00", "action_flag": 3, "change_message": ""}}, {"model": "admin.logentry", "pk": 32, "fields": {"action_time": "2024-03-20T10:04:42.028Z", "user": 1, "content_type": 13, "object_id": "41", "object_repr": "123 alex: 2024-03-14 17:41:49.115000+00:00", "action_flag": 3, "change_message": ""}}, {"model": "admin.logentry", "pk": 33, "fields": {"action_time": "2024-03-20T10:04:42.030Z", "user": 1, "content_type": 13, "object_id": "30", "object_repr": "193565114 ИП Андреева Карина: 2024-02-17 11:49:45.746000+00:00", "action_flag": 3, "change_message": ""}}, {"model": "admin.logentry", "pk": 34, "fields": {"action_time": "2024-03-20T10:04:42.031Z", "user": 1, "content_type": 13, "object_id": "29", "object_repr": "193565114 ИП Андреева Карина: 2024-02-16 09:41:14.372000+00:00", "action_flag": 3, "change_message": ""}}, {"model": "admin.logentry", "pk": 35, "fields": {"action_time": "2024-03-20T10:04:42.031Z", "user": 1, "content_type": 13, "object_id": "28", "object_repr": "193565114 ИП Андреева Карина: 2024-02-16 08:33:59.920000+00:00", "action_flag": 3, "change_message": ""}}, {"model": "admin.logentry", "pk": 36, "fields": {"action_time": "2024-03-20T10:04:42.033Z", "user": 1, "content_type": 13, "object_id": "27", "object_repr": "193565114 ИП Андреева Карина: 2024-02-16 08:30:06.781000+00:00", "action_flag": 3, "change_message": ""}}, {"model": "admin.logentry", "pk": 37, "fields": {"action_time": "2024-03-20T10:04:42.036Z", "user": 1, "content_type": 13, "object_id": "26", "object_repr": "193565114 ИП Андреева Карина: 2024-02-16 08:29:51.920000+00:00", "action_flag": 3, "change_message": ""}}, {"model": "admin.logentry", "pk": 38, "fields": {"action_time": "2024-03-20T10:05:03.709Z", "user": 1, "content_type": 8, "object_id": "15", "object_repr": "Точка 2 123 alex", "action_flag": 3, "change_message": ""}}, {"model": "admin.logentry", "pk": 39, "fields": {"action_time": "2024-03-20T10:05:03.712Z", "user": 1, "content_type": 8, "object_id": "14", "object_repr": "Точка 1 123 alex", "action_flag": 3, "change_message": ""}}, {"model": "admin.logentry", "pk": 40, "fields": {"action_time": "2024-03-20T10:05:03.713Z", "user": 1, "content_type": 8, "object_id": "1", "object_repr": "г. Минск пер. Козлова д. 25 193565114 ИП Андреева Карина", "action_flag": 3, "change_message": ""}}, {"model": "admin.logentry", "pk": 41, "fields": {"action_time": "2024-03-20T10:05:12.493Z", "user": 1, "content_type": 9, "object_id": "1", "object_repr": "123 сотрудник 1", "action_flag": 3, "change_message": ""}}, {"model": "admin.logentry", "pk": 42, "fields": {"action_time": "2024-03-20T10:05:17.625Z", "user": 1, "content_type": 7, "object_id": "126032", "object_repr": "193593701 ГолдФ", "action_flag": 3, "change_message": ""}}, {"model": "admin.logentry", "pk": 43, "fields": {"action_time": "2024-03-20T10:05:17.629Z", "user": 1, "content_type": 7, "object_id": "126031", "object_repr": "100057174 Гетман", "action_flag": 3, "change_message": ""}}, {"model": "admin.logentry", "pk": 44, "fields": {"action_time": "2024-03-20T10:05:17.630Z", "user": 1, "content_type": 7, "object_id": "126030", "object_repr": "193510246 Юта Консалт, ООО", "action_flag": 3, "change_message": ""}}, {"model": "admin.logentry", "pk": 45, "fields": {"action_time": "2024-03-20T10:05:17.633Z", "user": 1, "content_type": 7, "object_id": "126029", "object_repr": "690665640 Бинокор", "action_flag": 3, "change_message": ""}}, {"model": "admin.logentry", "pk": 46, "fields": {"action_time": "2024-03-20T10:05:17.635Z", "user": 1, "content_type": 7, "object_id": "126028", "object_repr": "193689466 БЕСТ КОФЕ АНЛИМИТЕД", "action_flag": 3, "change_message": ""}}, {"model": "admin.logentry", "pk": 47, "fields": {"action_time": "2024-03-20T10:05:17.637Z", "user": 1, "content_type": 7, "object_id": "126027", "object_repr": "691644954 ИП Быстрия В.И", "action_flag": 3, "change_message": ""}}, {"model": "admin.logentry", "pk": 48, "fields": {"action_time": "2024-03-20T10:05:17.639Z", "user": 1, "content_type": 7, "object_id": "126026", "object_repr": "692179354 ИП Буйко ", "action_flag": 3, "change_message": ""}}, {"model": "admin.logentry", "pk": 49, "fields": {"action_time": "2024-03-20T10:05:17.641Z", "user": 1, "content_type": 7, "object_id": "126025", "object_repr": "692202855 ИП Борозна М.О", "action_flag": 3, "change_message": ""}}, {"model": "admin.logentry", "pk": 50, "fields": {"action_time": "2024-03-20T10:05:17.642Z", "user": 1, "content_type": 7, "object_id": "126024", "object_repr": "192710676 ИП Бовшис Роберт", "action_flag": 3, "change_message": ""}}, {"model": "admin.logentry", "pk": 51, "fields": {"action_time": "2024-03-20T10:05:17.642Z", "user": 1, "content_type": 7, "object_id": "126023", "object_repr": "192840848 ИП Боскин А.С", "action_flag": 3, "change_message": ""}}, {"model": "admin.logentry", "pk": 52, "fields": {"action_time": "2024-03-20T10:05:17.643Z", "user": 1, "content_type": 7, "object_id": "126022", "object_repr": "692116857 ИП Батурчик Ю.В", "action_flag": 3, "change_message": ""}}, {"model": "admin.logentry", "pk": 53, "fields": {"action_time": "2024-03-20T10:05:17.647Z", "user": 1, "content_type": 7, "object_id": "126021", "object_repr": "693301346 ИП Барташ А.А.", "action_flag": 3, "change_message": ""}}, {"model": "admin.logentry", "pk": 54, "fields": {"action_time": "2024-03-20T10:05:17.649Z", "user": 1, "content_type": 7, "object_id": "126020", "object_repr": "193165061 ИП Бабайка М.И.", "action_flag": 3, "change_message": ""}}, {"model": "admin.logentry", "pk": 55, "fields": {"action_time": "2024-03-20T10:05:17.651Z", "user": 1, "content_type": 7, "object_id": "126019", "object_repr": "693172158 ИП Аллахвердиева сыр", "action_flag": 3, "change_message": ""}}, {"model": "admin.logentry", "pk": 56, "fields": {"action_time": "2024-03-20T10:05:17.652Z", "user": 1, "content_type": 7, "object_id": "126018", "object_repr": "193213093 БестЯмико", "action_flag": 3, "change_message": ""}}, {"model": "admin.logentry", "pk": 57, "fields": {"action_time": "2024-03-20T10:05:17.652Z", "user": 1, "content_type": 7, "object_id": "5", "object_repr": "123 alex", "action_flag": 3, "change_message": ""}}, {"model": "admin.logentry", "pk": 58, "fields": {"action_time": "2024-03-20T10:05:17.653Z", "user": 1, "content_type": 7, "object_id": "1", "object_repr": "193565114 ИП Андреева Карина", "action_flag": 3, "change_message": ""}}, {"model": "admin.logentry", "pk": 59, "fields": {"action_time": "2024-03-20T10:05:50.527Z", "user": 1, "content_type": 11, "object_id": "16", "object_repr": "Блины с джемом: 3.5 руб.", "action_flag": 3, "change_message": ""}}, {"model": "admin.logentry", "pk": 60, "fields": {"action_time": "2024-03-20T10:05:50.529Z", "user": 1, "content_type": 11, "object_id": "15", "object_repr": "Блины с творогом: 3.5 руб.", "action_flag": 3, "change_message": ""}}, {"model": "admin.logentry", "pk": 61, "fields": {"action_time": "2024-03-20T10:05:50.531Z", "user": 1, "content_type": 11, "object_id": "14", "object_repr": "Блины со сгущенкой: 3.5 руб.", "action_flag": 3, "change_message": ""}}, {"model": "admin.logentry", "pk": 62, "fields": {"action_time": "2024-03-20T10:05:50.532Z", "user": 1, "content_type": 11, "object_id": "13", "object_repr": "Блины с рыбой: 3.5 руб.", "action_flag": 3, "change_message": ""}}, {"model": "admin.logentry", "pk": 63, "fields": {"action_time": "2024-03-20T10:05:50.533Z", "user": 1, "content_type": 11, "object_id": "12", "object_repr": "Блины с ветчиной: 3.5 руб.", "action_flag": 3, "change_message": ""}}, {"model": "admin.logentry", "pk": 64, "fields": {"action_time": "2024-03-20T10:05:50.534Z", "user": 1, "content_type": 11, "object_id": "11", "object_repr": "Ролл пикантный: 3.5 руб.", "action_flag": 3, "change_message": ""}}, {"model": "admin.logentry", "pk": 65, "fields": {"action_time": "2024-03-20T10:05:50.535Z", "user": 1, "content_type": 11, "object_id": "10", "object_repr": "Р сос: 3.5 руб.", "action_flag": 3, "change_message": ""}}, {"model": "admin.logentry", "pk": 66, "fields": {"action_time": "2024-03-20T10:05:50.538Z", "user": 1, "content_type": 11, "object_id": "9", "object_repr": "Сэндвич гавайский: 3.5 руб.", "action_flag": 3, "change_message": ""}}, {"model": "admin.logentry", "pk": 67, "fields": {"action_time": "2024-03-20T10:05:50.540Z", "user": 1, "content_type": 11, "object_id": "8", "object_repr": "Блины с курицей: 3.5 руб.", "action_flag": 3, "change_message": ""}}, {"model": "admin.logentry", "pk": 68, "fields": {"action_time": "2024-03-20T10:05:50.542Z", "user": 1, "content_type": 11, "object_id": "7", "object_repr": "Ролл с ветичной: 3.5 руб.", "action_flag": 3, "change_message": ""}}, {"model": "admin.logentry", "pk": 69, "fields": {"action_time": "2024-03-20T10:05:50.543Z", "user": 1, "content_type": 11, "object_id": "6", "object_repr": "Ролл с курицей: 3.5 руб.", "action_flag": 3, "change_message": ""}}, {"model": "admin.logentry", "pk": 70, "fields": {"action_time": "2024-03-20T10:05:50.545Z", "user": 1, "content_type": 11, "object_id": "5", "object_repr": "Сэндвич сытный: 3.6 руб.", "action_flag": 3, "change_message": ""}}, {"model": "admin.logentry", "pk": 71, "fields": {"action_time": "2024-03-20T10:05:50.546Z", "user": 1, "content_type": 11, "object_id": "4", "object_repr": "Сэндвич с рыбой: 3.6 руб.", "action_flag": 3, "change_message": ""}}, {"model": "admin.logentry", "pk": 72, "fields": {"action_time": "2024-03-20T10:05:50.547Z", "user": 1, "content_type": 11, "object_id": "3", "object_repr": "Сэндвич с беконом: 3.5 руб.", "action_flag": 3, "change_message": ""}}, {"model": "admin.logentry", "pk": 73, "fields": {"action_time": "2024-03-20T10:05:50.547Z", "user": 1, "content_type": 11, "object_id": "2", "object_repr": "Сэндвич с ветчиной: 3.5 руб.", "action_flag": 3, "change_message": ""}}, {"model": "admin.logentry", "pk": 74, "fields": {"action_time": "2024-03-20T10:05:50.548Z", "user": 1, "content_type": 11, "object_id": "1", "object_repr": "Сэндвич с курицей: 3.5 руб.", "action_flag": 3, "change_message": ""}}, {"model": "admin.logentry", "pk": 75, "fields": {"action_time": "2024-03-20T10:06:13.130Z", "user": 1, "content_type": 15, "object_id": "4", "object_repr": "Открыт", "action_flag": 3, "change_message": ""}}, {"model": "admin.logentry", "pk": 76, "fields": {"action_time": "2024-03-20T10:20:40.874Z", "user": 1, "content_type": 11, "object_id": "7", "object_repr": "Ролл с ветичной: 3.5 руб.", "action_flag": 2, "change_message": "[{\"changed\": {\"fields\": [\"\\u041d\\u0430\\u0437\\u0432\\u0430\\u043d\\u0438\\u0435 \\u0434\\u043b\\u044f Excel\"]}}]"}}, {"model": "admin.logentry", "pk": 77, "fields": {"action_time": "2024-03-20T10:23:39.742Z", "user": 1, "content_type": 11, "object_id": "6", "object_repr": "Ролл с курицей: 3.5 руб.", "action_flag": 2, "change_message": "[{\"changed\": {\"fields\": [\"\\u041d\\u0430\\u0437\\u0432\\u0430\\u043d\\u0438\\u0435 \\u0434\\u043b\\u044f Excel\"]}}]"}}, {"model": "admin.logentry", "pk": 78, "fields": {"action_time": "2024-03-20T10:24:02.958Z", "user": 1, "content_type": 11, "object_id": "5", "object_repr": "Сэндвич сытный: 3.6 руб.", "action_flag": 2, "change_message": "[{\"changed\": {\"fields\": [\"\\u041d\\u0430\\u0437\\u0432\\u0430\\u043d\\u0438\\u0435 \\u0434\\u043b\\u044f Excel\"]}}]"}}, {"model": "admin.logentry", "pk": 79, "fields": {"action_time": "2024-03-20T10:24:25.905Z", "user": 1, "content_type": 11, "object_id": "1", "object_repr": "Сэндвич с курицей: 3.5 руб.", "action_flag": 2, "change_message": "[{\"changed\": {\"fields\": [\"\\u041d\\u0430\\u0437\\u0432\\u0430\\u043d\\u0438\\u0435 \\u0434\\u043b\\u044f Excel\"]}}]"}}, {"model": "admin.logentry", "pk": 80, "fields": {"action_time": "2024-03-20T10:25:02.633Z", "user": 1, "content_type": 11, "object_id": "2", "object_repr": "Сэндвич с ветчиной: 3.5 руб.", "action_flag": 2, "change_message": "[{\"changed\": {\"fields\": [\"\\u041d\\u0430\\u0437\\u0432\\u0430\\u043d\\u0438\\u0435 \\u0434\\u043b\\u044f Excel\"]}}]"}}, {"model": "admin.logentry", "pk": 81, "fields": {"action_time": "2024-03-20T10:25:14.192Z", "user": 1, "content_type": 11, "object_id": "3", "object_repr": "Сэндвич с беконом: 3.5 руб.", "action_flag": 2, "change_message": "[{\"changed\": {\"fields\": [\"\\u041d\\u0430\\u0437\\u0432\\u0430\\u043d\\u0438\\u0435 \\u0434\\u043b\\u044f Excel\"]}}]"}}, {"model": "admin.logentry", "pk": 82, "fields": {"action_time": "2024-03-20T10:26:07.380Z", "user": 1, "content_type": 11, "object_id": "4", "object_repr": "Сэндвич с рыбой: 3.6 руб.", "action_flag": 2, "change_message": "[{\"changed\": {\"fields\": [\"\\u041d\\u0430\\u0437\\u0432\\u0430\\u043d\\u0438\\u0435 \\u0434\\u043b\\u044f Excel\"]}}]"}}, {"model": "admin.logentry", "pk": 83, "fields": {"action_time": "2024-03-20T10:26:58.951Z", "user": 1, "content_type": 13, "object_id": "43", "object_repr": "123 alex: 2024-03-20 10:26:58.948104+00:00", "action_flag": 1, "change_message": "[{\"added\": {}}, {\"added\": {\"name\": \"\\u042d\\u043b\\u0435\\u043c\\u0435\\u043d\\u0442 \\u0437\\u0430\\u043a\\u0430\\u0437\\u0430\", \"object\": \"\\u0420\\u043e\\u043b\\u043b \\u0441 \\u0432\\u0435\\u0442\\u0438\\u0447\\u043d\\u043e\\u0439: 3.5 \\u0440\\u0443\\u0431. \\u041a\\u043e\\u043b-\\u0432\\u043e: 15 \\u0448\\u0442.\"}}]"}}, {"model": "admin.logentry", "pk": 84, "fields": {"action_time": "2024-03-21T12:34:18.454Z", "user": 1, "content_type": 11, "object_id": "1", "object_repr": "Сэндвич с курицей: 3.5 руб.", "action_flag": 2, "change_message": "[{\"changed\": {\"fields\": [\"\\u041d\\u0430\\u0437\\u0432\\u0430\\u043d\\u0438\\u0435 \\u0434\\u043b\\u044f Excel\"]}}]"}}, {"model": "admin.logentry", "pk": 85, "fields": {"action_time": "2024-03-21T12:34:35.543Z", "user": 1, "content_type": 11, "object_id": "2", "object_repr": "Сэндвич с ветчиной: 3.5 руб.", "action_flag": 2, "change_message": "[{\"changed\": {\"fields\": [\"\\u041d\\u0430\\u0437\\u0432\\u0430\\u043d\\u0438\\u0435 \\u0434\\u043b\\u044f Excel\"]}}]"}}, {"model": "admin.logentry", "pk": 86, "fields": {"action_time": "2024-03-21T12:34:43.645Z", "user": 1, "content_type": 11, "object_id": "3", "object_repr": "Сэндвич с беконом: 3.5 руб.", "action_flag": 2, "change_message": "[{\"changed\": {\"fields\": [\"\\u041d\\u0430\\u0437\\u0432\\u0430\\u043d\\u0438\\u0435 \\u0434\\u043b\\u044f Excel\"]}}]"}}, {"model": "admin.logentry", "pk": 87, "fields": {"action_time": "2024-03-21T12:34:54.591Z", "user": 1, "content_type": 11, "object_id": "4", "object_repr": "Сэндвич с рыбой: 3.6 руб.", "action_flag": 2, "change_message": "[{\"changed\": {\"fields\": [\"\\u041d\\u0430\\u0437\\u0432\\u0430\\u043d\\u0438\\u0435 \\u0434\\u043b\\u044f Excel\"]}}]"}}, {"model": "admin.logentry", "pk": 88, "fields": {"action_time": "2024-03-21T12:35:13.402Z", "user": 1, "content_type": 11, "object_id": "5", "object_repr": "Сэндвич сытный: 3.6 руб.", "action_flag": 2, "change_message": "[{\"changed\": {\"fields\": [\"\\u041d\\u0430\\u0437\\u0432\\u0430\\u043d\\u0438\\u0435 \\u0434\\u043b\\u044f Excel\"]}}]"}}, {"model": "admin.logentry", "pk": 89, "fields": {"action_time": "2024-03-21T12:37:11.099Z", "user": 1, "content_type": 11, "object_id": "8", "object_repr": "Сэндвич гавайский: 3.6 руб.", "action_flag": 1, "change_message": "[{\"added\": {}}]"}}, {"model": "admin.logentry", "pk": 90, "fields": {"action_time": "2024-03-21T12:37:26.534Z", "user": 1, "content_type": 11, "object_id": "6", "object_repr": "Ролл с курицей: 3.5 руб.", "action_flag": 2, "change_message": "[]"}}, {"model": "admin.logentry", "pk": 91, "fields": {"action_time": "2024-03-21T12:37:32.613Z", "user": 1, "content_type": 11, "object_id": "7", "object_repr": "Ролл с ветичной: 3.5 руб.", "action_flag": 2, "change_message": "[]"}}, {"model": "admin.logentry", "pk": 92, "fields": {"action_time": "2024-03-21T12:40:30.334Z", "user": 1, "content_type": 11, "object_id": "9", "object_repr": "Ролл Баварские колбаски: 3.5 руб.", "action_flag": 1, "change_message": "[{\"added\": {}}]"}}, {"model": "admin.logentry", "pk": 93, "fields": {"action_time": "2024-03-21T12:41:10.901Z", "user": 1, "content_type": 11, "object_id": "10", "object_repr": "Ролл пикантный: 3.5 руб.", "action_flag": 1, "change_message": "[{\"added\": {}}]"}}, {"model": "admin.logentry", "pk": 94, "fields": {"action_time": "2024-03-21T12:42:00.925Z", "user": 1, "content_type": 11, "object_id": "11", "object_repr": "Блинчики с курицей: 3.5 руб.", "action_flag": 1, "change_message": "[{\"added\": {}}]"}}, {"model": "admin.logentry", "pk": 95, "fields": {"action_time": "2024-03-21T12:42:58.065Z", "user": 1, "content_type": 11, "object_id": "12", "object_repr": "Блинчики с ветчиной: 3.5 руб.", "action_flag": 1, "change_message": "[{\"added\": {}}]"}}, {"model": "admin.logentry", "pk": 96, "fields": {"action_time": "2024-03-21T12:43:33.229Z", "user": 1, "content_type": 11, "object_id": "13", "object_repr": "Блинчики с красной рыбой: 3.6 руб.", "action_flag": 1, "change_message": "[{\"added\": {}}]"}}, {"model": "admin.logentry", "pk": 97, "fields": {"action_time": "2024-03-21T12:44:11.276Z", "user": 1, "content_type": 11, "object_id": "14", "object_repr": "Блинчики со сгущенкой: 3.5 руб.", "action_flag": 1, "change_message": "[{\"added\": {}}]"}}, {"model": "admin.logentry", "pk": 98, "fields": {"action_time": "2024-03-21T12:45:52.333Z", "user": 1, "content_type": 11, "object_id": "15", "object_repr": "Блинчики с творогом: 3.5 руб.", "action_flag": 1, "change_message": "[{\"added\": {}}]"}}, {"model": "admin.logentry", "pk": 99, "fields": {"action_time": "2024-03-21T12:46:28.001Z", "user": 1, "content_type": 11, "object_id": "16", "object_repr": "Блинчики с джемом: 3.5 руб.", "action_flag": 1, "change_message": "[{\"added\": {}}]"}}, {"model": "admin.logentry", "pk": 100, "fields": {"action_time": "2024-03-21T12:50:02.580Z", "user": 1, "content_type": 11, "object_id": "11", "object_repr": "Блинчики с курицей: 3.5 руб.", "action_flag": 2, "change_message": "[{\"changed\": {\"fields\": [\"\\u041d\\u0430\\u0437\\u0432\\u0430\\u043d\\u0438\\u0435 \\u0434\\u043b\\u044f Excel\", \"\\u041a\\u043e\\u0434 \\u0442\\u043e\\u0432\\u0430\\u0440\\u0430 \\u0434\\u043b\\u044f Excel\"]}}]"}}, {"model": "auth.permission", "pk": 1, "fields": {"name": "Can add log entry", "content_type": 1, "codename": "add_logentry"}}, {"model": "auth.permission", "pk": 2, "fields": {"name": "Can change log entry", "content_type": 1, "codename": "change_logentry"}}, {"model": "auth.permission", "pk": 3, "fields": {"name": "Can delete log entry", "content_type": 1, "codename": "delete_logentry"}}, {"model": "auth.permission", "pk": 4, "fields": {"name": "Can view log entry", "content_type": 1, "codename": "view_logentry"}}, {"model": "auth.permission", "pk": 5, "fields": {"name": "Can add permission", "content_type": 2, "codename": "add_permission"}}, {"model": "auth.permission", "pk": 6, "fields": {"name": "Can change permission", "content_type": 2, "codename": "change_permission"}}, {"model": "auth.permission", "pk": 7, "fields": {"name": "Can delete permission", "content_type": 2, "codename": "delete_permission"}}, {"model": "auth.permission", "pk": 8, "fields": {"name": "Can view permission", "content_type": 2, "codename": "view_permission"}}, {"model": "auth.permission", "pk": 9, "fields": {"name": "Can add group", "content_type": 3, "codename": "add_group"}}, {"model": "auth.permission", "pk": 10, "fields": {"name": "Can change group", "content_type": 3, "codename": "change_group"}}, {"model": "auth.permission", "pk": 11, "fields": {"name": "Can delete group", "content_type": 3, "codename": "delete_group"}}, {"model": "auth.permission", "pk": 12, "fields": {"name": "Can view group", "content_type": 3, "codename": "view_group"}}, {"model": "auth.permission", "pk": 13, "fields": {"name": "Can add user", "content_type": 4, "codename": "add_user"}}, {"model": "auth.permission", "pk": 14, "fields": {"name": "Can change user", "content_type": 4, "codename": "change_user"}}, {"model": "auth.permission", "pk": 15, "fields": {"name": "Can delete user", "content_type": 4, "codename": "delete_user"}}, {"model": "auth.permission", "pk": 16, "fields": {"name": "Can view user", "content_type": 4, "codename": "view_user"}}, {"model": "auth.permission", "pk": 17, "fields": {"name": "Can add content type", "content_type": 5, "codename": "add_contenttype"}}, {"model": "auth.permission", "pk": 18, "fields": {"name": "Can change content type", "content_type": 5, "codename": "change_contenttype"}}, {"model": "auth.permission", "pk": 19, "fields": {"name": "Can delete content type", "content_type": 5, "codename": "delete_contenttype"}}, {"model": "auth.permission", "pk": 20, "fields": {"name": "Can view content type", "content_type": 5, "codename": "view_contenttype"}}, {"model": "auth.permission", "pk": 21, "fields": {"name": "Can add session", "content_type": 6, "codename": "add_session"}}, {"model": "auth.permission", "pk": 22, "fields": {"name": "Can change session", "content_type": 6, "codename": "change_session"}}, {"model": "auth.permission", "pk": 23, "fields": {"name": "Can delete session", "content_type": 6, "codename": "delete_session"}}, {"model": "auth.permission", "pk": 24, "fields": {"name": "Can view session", "content_type": 6, "codename": "view_session"}}, {"model": "auth.permission", "pk": 25, "fields": {"name": "Can add Владелец", "content_type": 7, "codename": "add_owner"}}, {"model": "auth.permission", "pk": 26, "fields": {"name": "Can change Владелец", "content_type": 7, "codename": "change_owner"}}, {"model": "auth.permission", "pk": 27, "fields": {"name": "Can delete Владелец", "content_type": 7, "codename": "delete_owner"}}, {"model": "auth.permission", "pk": 28, "fields": {"name": "Can view Владелец", "content_type": 7, "codename": "view_owner"}}, {"model": "auth.permission", "pk": 29, "fields": {"name": "Can add Точка", "content_type": 8, "codename": "add_point"}}, {"model": "auth.permission", "pk": 30, "fields": {"name": "Can change Точка", "content_type": 8, "codename": "change_point"}}, {"model": "auth.permission", "pk": 31, "fields": {"name": "Can delete Точка", "content_type": 8, "codename": "delete_point"}}, {"model": "auth.permission", "pk": 32, "fields": {"name": "Can view Точка", "content_type": 8, "codename": "view_point"}}, {"model": "auth.permission", "pk": 33, "fields": {"name": "Can add Сотрудник", "content_type": 9, "codename": "add_employee"}}, {"model": "auth.permission", "pk": 34, "fields": {"name": "Can change Сотрудник", "content_type": 9, "codename": "change_employee"}}, {"model": "auth.permission", "pk": 35, "fields": {"name": "Can delete Сотрудник", "content_type": 9, "codename": "delete_employee"}}, {"model": "auth.permission", "pk": 36, "fields": {"name": "Can view Сотрудник", "content_type": 9, "codename": "view_employee"}}, {"model": "auth.permission", "pk": 37, "fields": {"name": "Can add Тип продукции", "content_type": 10, "codename": "add_producttype"}}, {"model": "auth.permission", "pk": 38, "fields": {"name": "Can change Тип продукции", "content_type": 10, "codename": "change_producttype"}}, {"model": "auth.permission", "pk": 39, "fields": {"name": "Can delete Тип продукции", "content_type": 10, "codename": "delete_producttype"}}, {"model": "auth.permission", "pk": 40, "fields": {"name": "Can view Тип продукции", "content_type": 10, "codename": "view_producttype"}}, {"model": "auth.permission", "pk": 41, "fields": {"name": "Can add Продукт", "content_type": 11, "codename": "add_product"}}, {"model": "auth.permission", "pk": 42, "fields": {"name": "Can change Продукт", "content_type": 11, "codename": "change_product"}}, {"model": "auth.permission", "pk": 43, "fields": {"name": "Can delete Продукт", "content_type": 11, "codename": "delete_product"}}, {"model": "auth.permission", "pk": 44, "fields": {"name": "Can view Продукт", "content_type": 11, "codename": "view_product"}}, {"model": "auth.permission", "pk": 45, "fields": {"name": "Can add Специальная цена", "content_type": 12, "codename": "add_specialprice"}}, {"model": "auth.permission", "pk": 46, "fields": {"name": "Can change Специальная цена", "content_type": 12, "codename": "change_specialprice"}}, {"model": "auth.permission", "pk": 47, "fields": {"name": "Can delete Специальная цена", "content_type": 12, "codename": "delete_specialprice"}}, {"model": "auth.permission", "pk": 48, "fields": {"name": "Can view Специальная цена", "content_type": 12, "codename": "view_specialprice"}}, {"model": "auth.permission", "pk": 49, "fields": {"name": "Can add Заказ", "content_type": 13, "codename": "add_order"}}, {"model": "auth.permission", "pk": 50, "fields": {"name": "Can change Заказ", "content_type": 13, "codename": "change_order"}}, {"model": "auth.permission", "pk": 51, "fields": {"name": "Can delete Заказ", "content_type": 13, "codename": "delete_order"}}, {"model": "auth.permission", "pk": 52, "fields": {"name": "Can view Заказ", "content_type": 13, "codename": "view_order"}}, {"model": "auth.permission", "pk": 53, "fields": {"name": "Can add Элемент заказа", "content_type": 14, "codename": "add_orderitem"}}, {"model": "auth.permission", "pk": 54, "fields": {"name": "Can change Элемент заказа", "content_type": 14, "codename": "change_orderitem"}}, {"model": "auth.permission", "pk": 55, "fields": {"name": "Can delete Элемент заказа", "content_type": 14, "codename": "delete_orderitem"}}, {"model": "auth.permission", "pk": 56, "fields": {"name": "Can view Элемент заказа", "content_type": 14, "codename": "view_orderitem"}}, {"model": "auth.permission", "pk": 57, "fields": {"name": "Can add Прием заказов", "content_type": 15, "codename": "add_orderacceptance"}}, {"model": "auth.permission", "pk": 58, "fields": {"name": "Can change Прием заказов", "content_type": 15, "codename": "change_orderacceptance"}}, {"model": "auth.permission", "pk": 59, "fields": {"name": "Can delete Прием заказов", "content_type": 15, "codename": "delete_orderacceptance"}}, {"model": "auth.permission", "pk": 60, "fields": {"name": "Can view Прием заказов", "content_type": 15, "codename": "view_orderacceptance"}}, {"model": "auth.permission", "pk": 61, "fields": {"name": "Can add Рассылка", "content_type": 16, "codename": "add_mailing"}}, {"model": "auth.permission", "pk": 62, "fields": {"name": "Can change Рассылка", "content_type": 16, "codename": "change_mailing"}}, {"model": "auth.permission", "pk": 63, "fields": {"name": "Can delete Рассылка", "content_type": 16, "codename": "delete_mailing"}}, {"model": "auth.permission", "pk": 64, "fields": {"name": "Can view Рассылка", "content_type": 16, "codename": "view_mailing"}}, {"model": "auth.permission", "pk": 65, "fields": {"name": "Can add Долги", "content_type": 17, "codename": "add_debt"}}, {"model": "auth.permission", "pk": 66, "fields": {"name": "Can change Долги", "content_type": 17, "codename": "change_debt"}}, {"model": "auth.permission", "pk": 67, "fields": {"name": "Can delete Долги", "content_type": 17, "codename": "delete_debt"}}, {"model": "auth.permission", "pk": 68, "fields": {"name": "Can view Долги", "content_type": 17, "codename": "view_debt"}}, {"model": "auth.user", "pk": 1, "fields": {"password": "pbkdf2_sha256$720000$8tn7AVivQwz7C5H8z3ScnB$tflaOzUsF9rrziHR+8VuqylGjs0ns72OXDjvvaTScnU=", "last_login": "2024-03-21T12:33:23.482Z", "is_superuser": true, "username": "admin", "first_name": "", "last_name": "", "email": "", "is_staff": true, "is_active": true, "date_joined": "2024-03-02T15:51:43.721Z", "groups": [], "user_permissions": []}}, {"model": "contenttypes.contenttype", "pk": 1, "fields": {"app_label": "admin", "model": "logentry"}}, {"model": "contenttypes.contenttype", "pk": 2, "fields": {"app_label": "auth", "model": "permission"}}, {"model": "contenttypes.contenttype", "pk": 3, "fields": {"app_label": "auth", "model": "group"}}, {"model": "contenttypes.contenttype", "pk": 4, "fields": {"app_label": "auth", "model": "user"}}, {"model": "contenttypes.contenttype", "pk": 5, "fields": {"app_label": "contenttypes", "model": "contenttype"}}, {"model": "contenttypes.contenttype", "pk": 6, "fields": {"app_label": "sessions", "model": "session"}}, {"model": "contenttypes.contenttype", "pk": 7, "fields": {"app_label": "accounts", "model": "owner"}}, {"model": "contenttypes.contenttype", "pk": 8, "fields": {"app_label": "accounts", "model": "point"}}, {"model": "contenttypes.contenttype", "pk": 9, "fields": {"app_label": "accounts", "model": "employee"}}, {"model": "contenttypes.contenttype", "pk": 10, "fields": {"app_label": "orders", "model": "producttype"}}, {"model": "contenttypes.contenttype", "pk": 11, "fields": {"app_label": "orders", "model": "product"}}, {"model": "contenttypes.contenttype", "pk": 12, "fields": {"app_label": "orders", "model": "specialprice"}}, {"model": "contenttypes.contenttype", "pk": 13, "fields": {"app_label": "orders", "model": "order"}}, {"model": "contenttypes.contenttype", "pk": 14, "fields": {"app_label": "orders", "model": "orderitem"}}, {"model": "contenttypes.contenttype", "pk": 15, "fields": {"app_label": "orders", "model": "orderacceptance"}}, {"model": "contenttypes.contenttype", "pk": 16, "fields": {"app_label": "mailing", "model": "mailing"}}, {"model": "contenttypes.contenttype", "pk": 17, "fields": {"app_label": "mailing", "model": "debt"}}, {"model": "sessions.session", "pk": "003e4tv6kxvnahndqtih1yr6rjedrwf5", "fields": {"session_data": ".eJxVjEEOwiAQRe_C2pAOCENduvcMBJhBqgaS0q6Md7dNutDtf-_9t_BhXYpfO89-InERIE6_WwzpyXUH9Aj13mRqdZmnKHdFHrTLWyN-XQ_376CEXrbawoiJANFGUpYzcraYRweEaOJ5UFprcArYaU3WBFA8QIi0NdlZNuLzBc60N30:1rl9tX:_ogpq7_0C9Jvm0WsMbWoJR-fmS6fThjsTnSyFLv4aws", "expire_date": "2024-03-29T15:54:55.399Z"}}, {"model": "sessions.session", "pk": "1bq8psy25n1c29d5e56rq850vdp15h8y", "fields": {"session_data": ".eJxVjEEOwiAQRe_C2pAOCENduvcMBJhBqgaS0q6Md7dNutDtf-_9t_BhXYpfO89-InERIE6_WwzpyXUH9Aj13mRqdZmnKHdFHrTLWyN-XQ_376CEXrbawoiJANFGUpYzcraYRweEaOJ5UFprcArYaU3WBFA8QIi0NdlZNuLzBc60N30:1rmT9e:DKWR4qdgDrsHJXDfaFqCae4orTZiJi8t3TcJBpNNv8E", "expire_date": "2024-04-02T06:40:58.594Z"}}, {"model": "sessions.session", "pk": "5h1c2vy0zjgbd31hd8v2tdailwpm00g0", "fields": {"session_data": ".eJxVjEEOwiAQRe_C2pAOCENduvcMBJhBqgaS0q6Md7dNutDtf-_9t_BhXYpfO89-InERIE6_WwzpyXUH9Aj13mRqdZmnKHdFHrTLWyN-XQ_376CEXrbawoiJANFGUpYzcraYRweEaOJ5UFprcArYaU3WBFA8QIi0NdlZNuLzBc60N30:1rhmkn:hPzRpOo98jajqYQG_KmMQMYvoHG-wzR7NrH-2FI7U90", "expire_date": "2024-03-20T08:35:57.679Z"}}, {"model": "sessions.session", "pk": "60xg7ynfx5vup2xmuowhewzkgdsiq3yy", "fields": {"session_data": ".eJxVjEEOwiAQRe_C2pAOCENduvcMBJhBqgaS0q6Md7dNutDtf-_9t_BhXYpfO89-InERIE6_WwzpyXUH9Aj13mRqdZmnKHdFHrTLWyN-XQ_376CEXrbawoiJANFGUpYzcraYRweEaOJ5UFprcArYaU3WBFA8QIi0NdlZNuLzBc60N30:1rgReN:YWLyDdFpHi5RxKs9fSRpvl2SF4L-wMylkIxnTZ2zXEU", "expire_date": "2024-03-16T15:51:47.257Z"}}, {"model": "sessions.session", "pk": "buju780l6am0mubaqwyef7q89ygikolq", "fields": {"session_data": ".eJxVjEEOwiAQRe_C2pAOCENduvcMBJhBqgaS0q6Md7dNutDtf-_9t_BhXYpfO89-InERIE6_WwzpyXUH9Aj13mRqdZmnKHdFHrTLWyN-XQ_376CEXrbawoiJANFGUpYzcraYRweEaOJ5UFprcArYaU3WBFA8QIi0NdlZNuLzBc60N30:1rmftT:NAtXAs7wCanCWEG1bpoO5ALd2esTidQSCiaHvS2bewE", "expire_date": "2024-04-02T20:17:07.401Z"}}, {"model": "sessions.session", "pk": "i7sdu6uv5sn6i9fy48kpnqmhymm34a3s", "fields": {"session_data": ".eJxVjEEOwiAQRe_C2pAOCENduvcMBJhBqgaS0q6Md7dNutDtf-_9t_BhXYpfO89-InERIE6_WwzpyXUH9Aj13mRqdZmnKHdFHrTLWyN-XQ_376CEXrbawoiJANFGUpYzcraYRweEaOJ5UFprcArYaU3WBFA8QIi0NdlZNuLzBc60N30:1rnHbn:C4Zq1wQjhtX2Y9JdLN8kY8-Dk03yk5_sscW9QNZqieE", "expire_date": "2024-04-04T12:33:23.484Z"}}, {"model": "sessions.session", "pk": "lcf1g6pa7uv5nhcii2g35vpzo9rcsz1d", "fields": {"session_data": ".eJxVjEEOwiAQRe_C2pAOCENduvcMBJhBqgaS0q6Md7dNutDtf-_9t_BhXYpfO89-InERIE6_WwzpyXUH9Aj13mRqdZmnKHdFHrTLWyN-XQ_376CEXrbawoiJANFGUpYzcraYRweEaOJ5UFprcArYaU3WBFA8QIi0NdlZNuLzBc60N30:1rkgq3:grGqwiJM_5H54obNlgWZ9kfJTm1mbOi8rvEgPamzcf8", "expire_date": "2024-03-28T08:53:23.807Z"}}, {"model": "sessions.session", "pk": "yxej8lmdrxxkeijd6m25yu77ij6t1m1z", "fields": {"session_data": ".eJxVjEEOwiAQRe_C2pAOCENduvcMBJhBqgaS0q6Md7dNutDtf-_9t_BhXYpfO89-InERIE6_WwzpyXUH9Aj13mRqdZmnKHdFHrTLWyN-XQ_376CEXrbawoiJANFGUpYzcraYRweEaOJ5UFprcArYaU3WBFA8QIi0NdlZNuLzBc60N30:1rmsmp:LVu4lKpgGFcH5FExFaPD4P8iCR5th1PXva0BNvDDOrY", "expire_date": "2024-04-03T10:03:07.046Z"}}, {"model": "accounts.owner", "pk": 1, "fields": {"unp": "193565114", "fio": "ИП Андреева Карина", "tg_id": "1234", "phone": "375 29 12-60-000", "created_at": "2024-02-08T09:23:15.650Z", "has_notifications": true, "is_active": true, "pickup": false, "reduced_limit": false}}, {"model": "accounts.owner", "pk": 5, "fields": {"unp": "123", "fio": "alex", "tg_id": "625855750", "phone": "375", "created_at": "2024-02-17T12:08:24.352Z", "has_notifications": true, "is_active": true, "pickup": true, "reduced_limit": true}}, {"model": "accounts.owner", "pk": 126018, "fields": {"unp": "193213093", "fio": "БестЯмико", "tg_id": null, "phone": "29123456", "created_at": "2024-03-02T14:14:33.918Z", "has_notifications": true, "is_active": true, "pickup": false, "reduced_limit": false}}, {"model": "accounts.owner", "pk": 126019, "fields": {"unp": "693172158", "fio": "ИП Аллахвердиева сыр", "tg_id": null, "phone": "29123455", "created_at": "2024-03-02T14:18:10.364Z", "has_notifications": true, "is_active": true, "pickup": false, "reduced_limit": false}}, {"model": "accounts.owner", "pk": 126020, "fields": {"unp": "193165061", "fio": "ИП Бабайка М.И.", "tg_id": null, "phone": "29123454", "created_at": "2024-03-02T14:18:10.366Z", "has_notifications": true, "is_active": true, "pickup": false, "reduced_limit": false}}, {"model": "accounts.owner", "pk": 126021, "fields": {"unp": "693301346", "fio": "ИП Барташ А.А.", "tg_id": null, "phone": "29123453", "created_at": "2024-03-02T14:18:10.367Z", "has_notifications": true, "is_active": true, "pickup": false, "reduced_limit": false}}, {"model": "accounts.owner", "pk": 126022, "fields": {"unp": "692116857", "fio": "ИП Батурчик Ю.В", "tg_id": null, "phone": "29123452", "created_at": "2024-03-02T14:18:10.369Z", "has_notifications": true, "is_active": true, "pickup": false, "reduced_limit": false}}, {"model": "accounts.owner", "pk": 126023, "fields": {"unp": "192840848", "fio": "ИП Боскин А.С", "tg_id": null, "phone": "29123451", "created_at": "2024-03-02T14:18:10.371Z", "has_notifications": true, "is_active": true, "pickup": false, "reduced_limit": false}}, {"model": "accounts.owner", "pk": 126024, "fields": {"unp": "192710676", "fio": "ИП Бовшис Роберт", "tg_id": null, "phone": "29123450", "created_at": "2024-03-02T14:18:10.372Z", "has_notifications": true, "is_active": true, "pickup": false, "reduced_limit": false}}, {"model": "accounts.owner", "pk": 126025, "fields": {"unp": "692202855", "fio": "ИП Борозна М.О", "tg_id": null, "phone": "2912345", "created_at": "2024-03-02T14:18:10.373Z", "has_notifications": true, "is_active": true, "pickup": false, "reduced_limit": false}}, {"model": "accounts.owner", "pk": 126026, "fields": {"unp": "692179354", "fio": "ИП Буйко ", "tg_id": null, "phone": "2912344", "created_at": "2024-03-02T14:18:10.375Z", "has_notifications": true, "is_active": true, "pickup": false, "reduced_limit": false}}, {"model": "accounts.owner", "pk": 126027, "fields": {"unp": "691644954", "fio": "ИП Быстрия В.И", "tg_id": null, "phone": "2912343", "created_at": "2024-03-02T14:18:10.376Z", "has_notifications": true, "is_active": true, "pickup": false, "reduced_limit": false}}, {"model": "accounts.owner", "pk": 126028, "fields": {"unp": "193689466", "fio": "БЕСТ КОФЕ АНЛИМИТЕД", "tg_id": null, "phone": "29123442", "created_at": "2024-03-02T14:18:10.377Z", "has_notifications": true, "is_active": true, "pickup": false, "reduced_limit": false}}, {"model": "accounts.owner", "pk": 126029, "fields": {"unp": "690665640", "fio": "Бинокор", "tg_id": null, "phone": "29123", "created_at": "2024-03-02T14:18:10.378Z", "has_notifications": true, "is_active": true, "pickup": false, "reduced_limit": false}}, {"model": "accounts.owner", "pk": 126030, "fields": {"unp": "193510246", "fio": "Юта Консалт, ООО", "tg_id": null, "phone": "291", "created_at": "2024-03-02T14:18:10.380Z", "has_notifications": true, "is_active": true, "pickup": false, "reduced_limit": false}}, {"model": "accounts.owner", "pk": 126031, "fields": {"unp": "100057174", "fio": "Гетман", "tg_id": null, "phone": "29", "created_at": "2024-03-02T14:18:10.381Z", "has_notifications": true, "is_active": true, "pickup": false, "reduced_limit": false}}, {"model": "accounts.owner", "pk": 126032, "fields": {"unp": "193593701", "fio": "ГолдФ", "tg_id": null, "phone": "2", "created_at": "2024-03-02T14:18:10.382Z", "has_notifications": true, "is_active": true, "pickup": false, "reduced_limit": false}}, {"model": "accounts.point", "pk": 1, "fields": {"owner": 1, "address": "г. Минск пер. Козлова д. 25", "working_hours": null}}, {"model": "accounts.point", "pk": 14, "fields": {"owner": 5, "address": "Точка 1", "working_hours": "9:00-22:00"}}, {"model": "accounts.point", "pk": 15, "fields": {"owner": 5, "address": "Точка 2", "working_hours": "12-20"}}, {"model": "accounts.employee", "pk": 1, "fields": {"owner": 5, "point": 15, "fio": "сотрудник 1", "tg_id": "", "phone": "365", "created_at": "2024-03-07T07:49:32.568Z", "has_notifications": true, "is_active": true}}, {"model": "orders.producttype", "pk": 1, "fields": {"name": "Сэндвичи"}}, {"model": "orders.producttype", "pk": 2, "fields": {"name": "Роллы"}}, {"model": "orders.producttype", "pk": 3, "fields": {"name": "Блины"}}, {"model": "orders.product", "pk": 1, "fields": {"product_type": 1, "name": "Сэндвич с курицей", "price": 3.5, "excel_name": "Кур", "excel_code": "000000039"}}, {"model": "orders.product", "pk": 2, "fields": {"product_type": 1, "name": "Сэндвич с ветчиной", "price": 3.5, "excel_name": "Вет", "excel_code": "000000036"}}, {"model": "orders.product", "pk": 3, "fields": {"product_type": 1, "name": "Сэндвич с беконом", "price": 3.5, "excel_name": "Бек", "excel_code": "000000280"}}, {"model": "orders.product", "pk": 4, "fields": {"product_type": 1, "name": "Сэндвич с рыбой", "price": 3.6, "excel_name": "Рыб", "excel_code": "000000038"}}, {"model": "orders.product", "pk": 5, "fields": {"product_type": 1, "name": "Сэндвич сытный", "price": 3.6, "excel_name": "Сыт", "excel_code": "000000397"}}, {"model": "orders.product", "pk": 6, "fields": {"product_type": 2, "name": "Ролл с курицей", "price": 3.5, "excel_name": "Ркур", "excel_code": "000000245"}}, {"model": "orders.product", "pk": 7, "fields": {"product_type": 2, "name": "Ролл с ветичной", "price": 3.5, "excel_name": "Рвет", "excel_code": "000000246"}}, {"model": "orders.product", "pk": 8, "fields": {"product_type": 1, "name": "Сэндвич гавайский", "price": 3.6, "excel_name": "Гав", "excel_code": "000000399"}}, {"model": "orders.product", "pk": 9, "fields": {"product_type": 2, "name": "Ролл Баварские колбаски", "price": 3.5, "excel_name": "Рсос", "excel_code": "000000259"}}, {"model": "orders.product", "pk": 10, "fields": {"product_type": 2, "name": "Ролл пикантный", "price": 3.5, "excel_name": "Рпик", "excel_code": "000000400"}}, {"model": "orders.product", "pk": 11, "fields": {"product_type": 3, "name": "Блинчики с курицей", "price": 3.5, "excel_name": "Бкур", "excel_code": "000000402"}}, {"model": "orders.product", "pk": 12, "fields": {"product_type": 3, "name": "Блинчики с ветчиной", "price": 3.5, "excel_name": "Бвет", "excel_code": "000000401"}}, {"model": "orders.product", "pk": 13, "fields": {"product_type": 3, "name": "Блинчики с красной рыбой", "price": 3.6, "excel_name": "Брыб", "excel_code": "000000404"}}, {"model": "orders.product", "pk": 14, "fields": {"product_type": 3, "name": "Блинчики со сгущенкой", "price": 3.5, "excel_name": "Бсгу", "excel_code": "000000406"}}, {"model": "orders.product", "pk": 15, "fields": {"product_type": 3, "name": "Блинчики с творогом", "price": 3.5, "excel_name": "Бтво", "excel_code": "000000405"}}, {"model": "orders.product", "pk": 16, "fields": {"product_type": 3, "name": "Блинчики с джемом", "price": 3.5, "excel_name": "Бдже", "excel_code": "000000403"}}, {"model": "orders.specialprice", "pk": 3, "fields": {"owner": 1, "product": 3, "price": 3.3}}, {"model": "orders.order", "pk": 26, "fields": {"owner": 1, "employee": null, "point": null, "created_at": "2024-02-16T08:29:51.920Z", "pickup": true, "status": "AC"}}, {"model": "orders.order", "pk": 27, "fields": {"owner": 1, "employee": null, "point": 1, "created_at": "2024-02-16T08:30:06.781Z", "pickup": false, "status": "AC"}}, {"model": "orders.order", "pk": 28, "fields": {"owner": 1, "employee": null, "point": 1, "created_at": "2024-02-16T08:33:59.920Z", "pickup": false, "status": "AC"}}, {"model": "orders.order", "pk": 29, "fields": {"owner": 1, "employee": null, "point": 1, "created_at": "2024-02-16T09:41:14.372Z", "pickup": false, "status": "AC"}}, {"model": "orders.order", "pk": 30, "fields": {"owner": 1, "employee": null, "point": 1, "created_at": "2024-02-17T11:49:45.746Z", "pickup": false, "status": "AC"}}, {"model": "orders.order", "pk": 41, "fields": {"owner": 5, "employee": null, "point": 14, "created_at": "2024-03-14T17:41:49.115Z", "pickup": false, "status": "CR"}}, {"model": "orders.order", "pk": 42, "fields": {"owner": 5, "employee": null, "point": 15, "created_at": "2024-03-14T17:47:32.387Z", "pickup": false, "status": "CR"}}, {"model": "orders.order", "pk": 43, "fields": {"owner": 5, "employee": null, "point": 14, "created_at": "2024-03-20T10:26:58.948Z", "pickup": false, "status": "CR"}}, {"model": "orders.orderitem", "pk": 34, "fields": {"order": 26, "product": 1, "count": 2}}, {"model": "orders.orderitem", "pk": 35, "fields": {"order": 27, "product": 3, "count": 1}}, {"model": "orders.orderitem", "pk": 36, "fields": {"order": 28, "product": 1, "count": 2}}, {"model": "orders.orderitem", "pk": 37, "fields": {"order": 29, "product": 1, "count": 6}}, {"model": "orders.orderitem", "pk": 38, "fields": {"order": 30, "product": 3, "count": 5}}, {"model": "orders.orderitem", "pk": 60, "fields": {"order": 41, "product": 1, "count": 5}}, {"model": "orders.orderitem", "pk": 62, "fields": {"order": 41, "product": 3, "count": 5}}, {"model": "orders.orderitem", "pk": 63, "fields": {"order": 42, "product": 1, "count": 4}}, {"model": "orders.orderitem", "pk": 64, "fields": {"order": 42, "product": 2, "count": 7}}, {"model": "orders.orderitem", "pk": 65, "fields": {"order": 41, "product": 6, "count": 1}}, {"model": "orders.orderitem", "pk": 66, "fields": {"order": 43, "product": 7, "count": 15}}, {"model": "orders.orderacceptance", "pk": 4, "fields": {"status": "OP"}}]