[
  {
    "model": "accounts.owner",
    "pk": 1,
    "fields": {
      "unp": "193565114",
      "fio": "ИП Андреева Карина",
      "tg_id": "1234",
      "phone": "375 29 12-60-000",
      "created_at": "2024-02-08T09:23:15.650Z",
      "has_notifications": true,
      "is_active": true,
      "pickup": false
    }
  },
  {
    "model": "accounts.owner",
    "pk": 5,
    "fields": {
      "unp": "123",
      "fio": "alex",
      "tg_id": "625855750",
      "phone": "375",
      "created_at": "2024-02-17T12:08:24.352Z",
      "has_notifications": true,
      "is_active": true,
      "pickup": true
    }
  },
  {
    "model": "accounts.owner",
    "pk": 126018,
    "fields": {
      "unp": "193213093",
      "fio": "БестЯмико",
      "tg_id": null,
      "phone": "29123456",
      "created_at": "2024-03-02T14:14:33.918Z",
      "has_notifications": true,
      "is_active": true,
      "pickup": false
    }
  },
  {
    "model": "accounts.owner",
    "pk": 126019,
    "fields": {
      "unp": "693172158",
      "fio": "ИП Аллахвердиева сыр",
      "tg_id": null,
      "phone": "29123455",
      "created_at": "2024-03-02T14:18:10.364Z",
      "has_notifications": true,
      "is_active": true,
      "pickup": false
    }
  },
  {
    "model": "accounts.owner",
    "pk": 126020,
    "fields": {
      "unp": "193165061",
      "fio": "ИП Бабайка М.И.",
      "tg_id": null,
      "phone": "29123454",
      "created_at": "2024-03-02T14:18:10.366Z",
      "has_notifications": true,
      "is_active": true,
      "pickup": false
    }
  },
  {
    "model": "accounts.owner",
    "pk": 126021,
    "fields": {
      "unp": "693301346",
      "fio": "ИП Барташ А.А.",
      "tg_id": null,
      "phone": "29123453",
      "created_at": "2024-03-02T14:18:10.367Z",
      "has_notifications": true,
      "is_active": true,
      "pickup": false
    }
  },
  {
    "model": "accounts.owner",
    "pk": 126022,
    "fields": {
      "unp": "692116857",
      "fio": "ИП Батурчик Ю.В",
      "tg_id": null,
      "phone": "29123452",
      "created_at": "2024-03-02T14:18:10.369Z",
      "has_notifications": true,
      "is_active": true,
      "pickup": false
    }
  },
  {
    "model": "accounts.owner",
    "pk": 126023,
    "fields": {
      "unp": "192840848",
      "fio": "ИП Боскин А.С",
      "tg_id": null,
      "phone": "29123451",
      "created_at": "2024-03-02T14:18:10.371Z",
      "has_notifications": true,
      "is_active": true,
      "pickup": false
    }
  },
  {
    "model": "accounts.owner",
    "pk": 126024,
    "fields": {
      "unp": "192710676",
      "fio": "ИП Бовшис Роберт",
      "tg_id": null,
      "phone": "29123450",
      "created_at": "2024-03-02T14:18:10.372Z",
      "has_notifications": true,
      "is_active": true,
      "pickup": false
    }
  },
  {
    "model": "accounts.owner",
    "pk": 126025,
    "fields": {
      "unp": "692202855",
      "fio": "ИП Борозна М.О",
      "tg_id": null,
      "phone": "2912345",
      "created_at": "2024-03-02T14:18:10.373Z",
      "has_notifications": true,
      "is_active": true,
      "pickup": false
    }
  },
  {
    "model": "accounts.owner",
    "pk": 126026,
    "fields": {
      "unp": "692179354",
      "fio": "ИП Буйко ",
      "tg_id": null,
      "phone": "2912344",
      "created_at": "2024-03-02T14:18:10.375Z",
      "has_notifications": true,
      "is_active": true,
      "pickup": false
    }
  },
  {
    "model": "accounts.owner",
    "pk": 126027,
    "fields": {
      "unp": "691644954",
      "fio": "ИП Быстрия В.И",
      "tg_id": null,
      "phone": "2912343",
      "created_at": "2024-03-02T14:18:10.376Z",
      "has_notifications": true,
      "is_active": true,
      "pickup": false
    }
  },
  {
    "model": "accounts.owner",
    "pk": 126028,
    "fields": {
      "unp": "193689466",
      "fio": "БЕСТ КОФЕ АНЛИМИТЕД",
      "tg_id": null,
      "phone": "29123442",
      "created_at": "2024-03-02T14:18:10.377Z",
      "has_notifications": true,
      "is_active": true,
      "pickup": false
    }
  },
  {
    "model": "accounts.owner",
    "pk": 126029,
    "fields": {
      "unp": "690665640",
      "fio": "Бинокор",
      "tg_id": null,
      "phone": "29123",
      "created_at": "2024-03-02T14:18:10.378Z",
      "has_notifications": true,
      "is_active": true,
      "pickup": false
    }
  },
  {
    "model": "accounts.owner",
    "pk": 126030,
    "fields": {
      "unp": "193510246",
      "fio": "Юта Консалт, ООО",
      "tg_id": null,
      "phone": "291",
      "created_at": "2024-03-02T14:18:10.380Z",
      "has_notifications": true,
      "is_active": true,
      "pickup": false
    }
  },
  {
    "model": "accounts.owner",
    "pk": 126031,
    "fields": {
      "unp": "100057174",
      "fio": "Гетман",
      "tg_id": null,
      "phone": "29",
      "created_at": "2024-03-02T14:18:10.381Z",
      "has_notifications": true,
      "is_active": true,
      "pickup": false
    }
  },
  {
    "model": "accounts.owner",
    "pk": 126032,
    "fields": {
      "unp": "193593701",
      "fio": "ГолдФ",
      "tg_id": null,
      "phone": "2",
      "created_at": "2024-03-02T14:18:10.382Z",
      "has_notifications": true,
      "is_active": true,
      "pickup": false
    }
  },
  {
    "model": "accounts.point",
    "pk": 1,
    "fields": {
      "owner": 1,
      "address": "г. Минск пер. Козлова д. 25",
      "working_hours": null
    }
  },
  {
    "model": "accounts.point",
    "pk": 14,
    "fields": {
      "owner": 5,
      "address": "Точка 1",
      "working_hours": "9:00-22:00"
    }
  },
  {
    "model": "accounts.point",
    "pk": 15,
    "fields": {
      "owner": 5,
      "address": "Точка 2",
      "working_hours": "12-20"
    }
  },
  {
    "model": "orders.producttype",
    "pk": 1,
    "fields": {
      "name": "Сэндвичи"
    }
  },
  {
    "model": "orders.producttype",
    "pk": 2,
    "fields": {
      "name": "Роллы"
    }
  },
  {
    "model": "orders.product",
    "pk": 1,
    "fields": {
      "product_type": 1,
      "name": "Сэндвич с курицей",
      "price": 3.5,
      "excel_name": "Кур",
      "excel_code": "000000039"
    }
  },
  {
    "model": "orders.product",
    "pk": 2,
    "fields": {
      "product_type": 1,
      "name": "Сэндвич с ветчиной",
      "price": 3.5,
      "excel_name": "Вет",
      "excel_code": "000000036"
    }
  },
  {
    "model": "orders.product",
    "pk": 3,
    "fields": {
      "product_type": 1,
      "name": "Сэндвич с беконом",
      "price": 3.5,
      "excel_name": "1",
      "excel_code": "000000280"
    }
  },
  {
    "model": "orders.product",
    "pk": 4,
    "fields": {
      "product_type": 1,
      "name": "Сэндвич с рыбой",
      "price": 3.6,
      "excel_name": "1",
      "excel_code": "000000038"
    }
  },
  {
    "model": "orders.product",
    "pk": 5,
    "fields": {
      "product_type": 1,
      "name": "Сэндвич сытный",
      "price": 3.6,
      "excel_name": "1",
      "excel_code": "000000397"
    }
  },
  {
    "model": "orders.product",
    "pk": 6,
    "fields": {
      "product_type": 2,
      "name": "Ролл с курицей",
      "price": 3.5,
      "excel_name": "1",
      "excel_code": "000000245"
    }
  },
  {
    "model": "orders.product",
    "pk": 7,
    "fields": {
      "product_type": 2,
      "name": "Ролл с ветичной",
      "price": 3.5,
      "excel_name": "1",
      "excel_code": "000000246"
    }
  },
  {
    "model": "orders.specialprice",
    "pk": 3,
    "fields": {
      "owner": 1,
      "product": 3,
      "price": 3.3
    }
  },
  {
    "model": "orders.order",
    "pk": 26,
    "fields": {
      "owner": 1,
      "employee": null,
      "point": null,
      "created_at": "2024-02-16T08:29:51.920Z",
      "pickup": true,
      "status": "CO"
    }
  },
  {
    "model": "orders.order",
    "pk": 27,
    "fields": {
      "owner": 1,
      "employee": null,
      "point": 1,
      "created_at": "2024-02-16T08:30:06.781Z",
      "pickup": false,
      "status": "CO"
    }
  },
  {
    "model": "orders.order",
    "pk": 28,
    "fields": {
      "owner": 1,
      "employee": null,
      "point": 1,
      "created_at": "2024-02-16T08:33:59.920Z",
      "pickup": false,
      "status": "CO"
    }
  },
  {
    "model": "orders.order",
    "pk": 29,
    "fields": {
      "owner": 1,
      "employee": null,
      "point": 1,
      "created_at": "2024-02-16T09:41:14.372Z",
      "pickup": false,
      "status": "CO"
    }
  },
  {
    "model": "orders.order",
    "pk": 30,
    "fields": {
      "owner": 1,
      "employee": null,
      "point": 1,
      "created_at": "2024-02-17T11:49:45.746Z",
      "pickup": false,
      "status": "AC"
    }
  },
  {
    "model": "orders.order",
    "pk": 35,
    "fields": {
      "owner": 5,
      "employee": null,
      "point": 14,
      "created_at": "2024-02-24T11:15:40.835Z",
      "pickup": false,
      "status": "CR"
    }
  },
  {
    "model": "orders.order",
    "pk": 36,
    "fields": {
      "owner": 5,
      "employee": null,
      "point": null,
      "created_at": "2024-02-24T11:35:01.676Z",
      "pickup": true,
      "status": "CR"
    }
  },
  {
    "model": "orders.order",
    "pk": 37,
    "fields": {
      "owner": 5,
      "employee": null,
      "point": 15,
      "created_at": "2024-02-24T11:35:40.555Z",
      "pickup": false,
      "status": "CR"
    }
  },
  {
    "model": "orders.orderitem",
    "pk": 34,
    "fields": {
      "order": 26,
      "product": 1,
      "count": 2
    }
  },
  {
    "model": "orders.orderitem",
    "pk": 35,
    "fields": {
      "order": 27,
      "product": 3,
      "count": 1
    }
  },
  {
    "model": "orders.orderitem",
    "pk": 36,
    "fields": {
      "order": 28,
      "product": 1,
      "count": 2
    }
  },
  {
    "model": "orders.orderitem",
    "pk": 37,
    "fields": {
      "order": 29,
      "product": 1,
      "count": 6
    }
  },
  {
    "model": "orders.orderitem",
    "pk": 38,
    "fields": {
      "order": 30,
      "product": 3,
      "count": 5
    }
  },
  {
    "model": "orders.orderitem",
    "pk": 48,
    "fields": {
      "order": 35,
      "product": 1,
      "count": 5
    }
  },
  {
    "model": "orders.orderitem",
    "pk": 49,
    "fields": {
      "order": 35,
      "product": 2,
      "count": 2
    }
  },
  {
    "model": "orders.orderitem",
    "pk": 50,
    "fields": {
      "order": 35,
      "product": 3,
      "count": 3
    }
  },
  {
    "model": "orders.orderitem",
    "pk": 51,
    "fields": {
      "order": 35,
      "product": 4,
      "count": 2
    }
  },
  {
    "model": "orders.orderitem",
    "pk": 52,
    "fields": {
      "order": 36,
      "product": 1,
      "count": 2
    }
  },
  {
    "model": "orders.orderitem",
    "pk": 53,
    "fields": {
      "order": 37,
      "product": 1,
      "count": 2
    }
  },
  {
    "model": "orders.orderitem",
    "pk": 54,
    "fields": {
      "order": 37,
      "product": 2,
      "count": 2
    }
  },
  {
    "model": "orders.orderacceptance",
    "pk": 4,
    "fields": {
      "status": "OP"
    }
  }
]